151010001
120080002
1003973
1004977
1005972
1000793
1004957
1006316
1006315
1005973
1001752
156010014
156010015
156010017
156010019
156010020
156010021
156010022
156010023
156010024
156010025
156010027
156010028
156010029
156010030
1003548
1007472
1007473
1007474
1007475
1007478
156010040
21010001
156010041
156010042
156010043
156010044
156010045
156010046
156010047
156010048
156010049
156010050
156010051
156010052
156010053
1000055
156010055
156010056
156010057
1007413
1007414
1007415
1007479
1007482
1007484
1007485
1007488
1007494
1007495
1007497
1007501
1007502
1007503
1007504
1007508
1008752
1008753
1008754
1008755
1008756
1008757
1008760
1008761
1008763
1008764
156010013
156010012
156010004
156010001
156010002
156010003
156010010
156010005
156010009
1002672
1007411
1007412
1008765
1008766
1008770
1008771
1008772
1008773
1008774
1008775
1008776
1008777
1008778
1008779
1008780
1008781
1008782
1008783
1003862
1003863
1003864
1003882
21010002
21010003
21010149
21010151
1000005
1000054
1000280
1002676
21010129
1002677
21010110
1009049
21010086
21010088
21010089
1001958
1009020
1009055
21010082
21010112
21010120
21010162
1000006
1000028
2550033
116030019
1000179
147040001
156510001
156520001
1008654
1008638
1008640
1008641
1008642
1002247
1008628
1006246
1008629
1008630
1008680
1008631
1008632
1008633
1008634
1008635
1008636
1008637
1008639
1008684
1009128
1008645
1008651
1008657
1008661
1008662
1008663
1008665
1008666
1008672
1008674
1008643
1008644
1008646
1008647
1008648
1008649
1008650
1008652
1008653
1008655
1008656
1008658
1008659
1008660
1008664
1008667
1008668
1008669
1008670
1008671
1008673
1008675
1008681
1006247
1008609
1004237
1004238
1004087
1001248
1001249
1001577
1001581
1001582
1004228
1004227
1005318
1004229
1004231
1004233
1004234
1004232
1005307
1005309
1004165
1004168
1005310
1004116
1004118
1004117
1002234
1000909
1009845
1003953
21010033
1000155
1004247
1004250
1004251
1004252
21010056
1004253
1001526
1005311
1004061
1005314
1005315
1004119
1004120
1004115
1005316
1004266
1008447
1008448
1004248
1004249
1005717
1005873
1005718
1005719
1005870
1005871
1005872
1005874
1005875
1001304
1001305
1002666
1004214
1001313
1001307
1008575
1004215
1004216
9020012
1004170
1004171
1001317
21010064
9010001
9010002
9010003
9010005
1004275
1004276
1003844
1000881
9010004
1000199
1000200
1005159
1006506
9010006
1004279
1004280
9010007
1000207
1000222
1004281
9010008
1000390
9010009
1004267
1000391
9010011
9010012
9010013
1008576
1004269
1004270
1004271
1004272
9010014
1004287
1004077
9010016
9010017
1000295
1004257
1003630
9010010
1004282
1004295
1004296
1000383
1004207
1004219
1003803
1004206
1006585
9020001
9020002
9020003
9020004
9020005
1004883
1005160
1009070
1006507
1000875
1000296
1000297
9020008
1000350
1000351
9020009
1000352
9020018
1009021
1009011
1000029
1009022
1009069
1004277
1004278
1001245
1001306
1004210
1004882
1004211
1004212
1004213
1000030
1009082
1009083
1004258
1001303
1004088
1004167
1004164
1004166
1004299
1004291
1004292
1004293
1004294
1004300
1004301
1004512
1000230
999750001
1006583
1006584
1006586
1006587
1006588
9020006
1004884
1000347
9020007
1000876
1000348
1000349
9020010
1001548
9020017
1000354
1000355
1004297
1004298
9020014
9020011
1008577
9020013
1000392
1000393
9020015
1000353
9020016
1000050
21010045
1008578
1009023
1009071
1001322
1004309
1000291
1006578
1006579
1006580
1006581
1006582
9030002
1001310
1001311
1001324
1002766
1002768
1002778
1002779
1002781
1002785
1002787
1002788
1002789
1006626
1006627
1001387
21010170
1004217
1004221
21010048
1004285
1004286
1003329
1004090
1004874
1005313
1005158
1004875
1004876
1000279
1004288
1004289
1004290
1004310
1004311
1004312
1004313
1000058
21010105
1004209
1000537
1000544
1002001
1002522
1002523
1002678
1003113
1003170
1005889
1007822
1007823
1007824
1007825
1007826
1011391
1002837
1002817
1002818
1004169
1004235
1000132
1008063
1002786
9100007
9100008
9100004
9100005
9100006
9200008
9200005
9300004
9300005
9030004
1001264
1000235
1001218
21030005
1001289
1001262
1001284
1001287
1001263
1001205
1000528
1001283
147030001
1004173
1003417
1008484
120150001
1001206
1003556
1006516
1000985
1000986
1000989
1000939
1002364
1002365
1008189
1008218
1008130
1008131
1008132
1008133
1008134
1008145
1008146
1008147
1008148
1000128
1000560
1000562
1004149
1004589
1005127
1000183
1006419
1006477
1006478
1006510
1003328
1003802
1005876
1005178
1005179
1005180
1000840
1000841
1000874
1000882
1000907
1000910
1008290
1009154
1009164
1009182
1005183
1005184
1005185
1005186
1005187
1005188
1005189
1005190
1005191
1004172
1005253
1005304
1005308
1005312
1005317
1008535
1001604
1001605
1001607
1001608
1003099
21030076
1005818
1005819
1005820
1005821
1005822
1005823
1005824
1005825
1001711
1001783
1010321
1010322
1010323
1010324
1010325
1009595
1009596
1002207
1002208
1002503
1001244
1001468
1001559
1002306
1002307
1002334
1002952
1003100
1008485
1001603
1001610
1001611
1001613
1002117
1002120
1002268
1002269
1002270
1002271
1002272
1002273
1003256
1003653
1003788
1001147
1001148
1001114
1001119
1001154
1001161
1001129
1001166
1001130
1001167
1001131
1001168
1001171
1001134
1001172
1001136
1001174
1001137
1001138
1003154
1003193
1003195
1009063
1009064
1009065
1009066
1001162
1001151
1001152
1001156
1001163
1001135
1001121
1001122
1001118
1001123
1001160
1001120
1001127
1001128
1001132
1001169
1001180
1003197
1000712
1001155
1001183
1001150
1001239
1001241
1001115
1001159
1001157
1009059
1009060
1009061
1009062
1001149
1001117
1001153
1001116
1001125
1001164
1001177
1001178
1001179
1001181
1001189
1001173
1001182
1001176
1001158
1001124
1001126
1001165
1001170
16060036
16060043
16060029
16060014
16060031
16060009
16060017
16060024
16060028
16060013
16060015
16060010
1005281
16060011
16060018
16060019
16060025
16060012
16060021
16060008
16060039
16060040
16060041
16060042
16060016
16060022
16060026
16060037
16060038
16040006
16040005
1000425
1604001
16040007
1010164
16060035
16070036
1001821
1001822
1001895
1001947
1001970
1001987
1008984
16070010
1005282
16070011
16070012
16070013
16070015
16070018
16070019
16070021
16070025
16070008
16070039
16070040
16070041
16070042
16070016
16070022
16070026
1010165
16070037
16070038
16070009
16070014
16070017
16070024
16070028
16070029
16070031
1000429
16050005
16050006
16050001
16050007
16070035
16070043
1005516
1002354
1002892
1008486
1002373
1002374
1002375
1002376
1002377
1002378
1002379
1002380
1002381
1008219
1008220
1008221
1008222
1008223
1008224
1008141
1008142
1008143
1008144
1008190
1008191
1008225
1008226
1008149
1008229
1008230
1008152
1008153
1008154
1008155
1008156
1008157
1008158
1008159
1008192
1008193
1008160
1008161
1008227
1008228
1008231
1008232
1008234
1008487
1008488
1008489
1008295
1008195
1008235
1008236
1008291
1008292
1008293
1008294
1008301
1011341
1001006
1003062
1006177
1008788
1010617
1010631
1010632
1011233
1005177
1000687
1000106
1000789
1000790
1009183
21030074
1000008
1001010
1005181
1005182
1000806
1000807
1008260
1008261
1008262
1001476
1001733
1001737
1001738
1001920
1004814
1000380
1000908
1001531
1001533
1002205
1002206
1002893
1004208
1004265
1008481
1001861
1005172
1005173
1005174
1002009
1002946
3010001
3010002
1000069
1000070
1001706
21030029
3010003
1005504
1005505
1003450
1005506
1000952
1010175
3020001
1008579
3020002
1000071
1000072
1001528
1001529
1001712
1000105
1000249
1000250
1001077
1010861
1000579
1006589
4010006
1007066
4010002
4010007
4010010
1009346
4010012
4010015
1007467
4010018
1000307
1007480
1008066
1000172
1008067
1003995
4010019
1001052
4010020
4010024
1000009
1000580
1000261
1000322
4010017
4030003
4030005
4030007
4030008
1001584
1000584
118010013
1001053
118010014
118010015
1000265
118010018
118010020
118010023
118010025
118010032
1000308
118010034
1000329
118010035
118010036
118010026
1000585
118010027
118010033
118010031
118020002
118020003
118020005
118020008
118020009
4070001
4070002
4070003
1000581
4070004
4070005
4070006
1000298
1000323
4071002
4071003
4071004
4071006
4071007
4071008
4071009
1000271
1000324
4071010
1000266
1009104
1009107
1009110
1009111
118220002
118220003
118220004
118220005
118220006
118220007
1000301
1000330
1000586
118221001
118221002
118221004
118221005
118221007
118221008
118221009
118221010
1000276
1000331
118320001
1000292
1000735
1009010
1000736
1007483
1000737
1000744
1000745
1009347
1000746
1000747
1007489
1000748
1000749
1007496
1000750
1008068
1008069
1004157
1000751
1001054
1000752
1000753
1000754
1000192
1000755
1000756
1001329
1000757
1000758
1000759
1000760
1000761
1009461
1000763
1000764
1001069
1000765
1000766
1000767
1000768
1000769
1000770
1000771
1000772
1000773
1000774
1000775
1000776
1000777
1000778
1000779
1000780
1000781
1000782
1000783
1000784
1000785
1000786
1000787
4080003
4080005
4080007
1000582
4080009
4080011
4080013
1000299
1000325
4081001
4081005
4081007
4081011
4081013
4081015
1000272
1000327
4081017
4090001
1009105
1000267
1009108
1009112
1009113
118230001
1000302
1000332
118230003
118230005
118230007
1000587
118230009
118230011
118230013
118231001
118231005
118231007
118231009
118231011
118231013
118231015
1000277
1000334
118310001
1000293
4080004
4080006
4080008
1000583
4080010
4080012
4080014
1000300
1000326
4081002
4081006
4081008
4081012
4081014
4081016
1000275
1000328
4081018
4081010
1000268
1009106
1009109
1009114
1009115
118230002
1000303
1000333
118230004
118230006
118230008
1000588
118230010
118230012
118230014
118231002
118231006
118231008
118231010
118231012
118231014
118231016
1000278
1000335
118310002
1000294
1001742
1009130
118070005
1000927
1008113
1009149
1009150
1009151
1009152
1009153
1010314
1010315
1010316
1010317
1010318
1010319
1010320
1003831
1005012
1010299
1004318
1004352
1004600
1004453
1000420
1009358
1000538
1000529
1000530
1000531
1000421
1009359
1000532
1000533
1000534
4050005
1004218
1000865
4050001
4050002
4050003
4050004
1000984
1003207
1002075
1002507
1002686
1004057
1001939
1005531
1001978
1004873
1001989
1001395
1001512
1002063
1003122
1003104
1002065
1003133
1002074
1000251
1001574
1002146
1008071
1005783
1003649
1005672
1011234
1004058
1001894
1001906
1001982
1005886
1005887
1005888
1008090
1008091
1008092
1010862
1010863
1010864
1010865
118180001
118180002
1001986
1000363
1000799
1000800
118180003
118180004
1005105
1005106
1004142
1008181
1000690
1000206
1000609
118260002
116120001
118130002
1001601
1009722
1010048
1010059
1000831
1005834
118250001
118240001
1000162
1003169
12308001
118030004
118030005
118030006
118030008
1003955
118430001
119010001
119010002
119010003
119010004
1002388
119010005
1002389
1002390
1002391
1002392
1002393
1002394
1003818
1000133
1000134
1000135
1000136
1002395
1002396
1002397
1002872
1002873
1000137
119020004
1000138
119020005
1000139
1000140
1000141
1000142
1000143
1000144
1003389
1003390
1003391
1003392
1003470
1003471
1003472
1003473
1002679
550001
550002
550003
550006
550004
550011
550012
549001
549002
1007106
549003
549011
549012
1002064
1001661
1000975
120200001
120200002
1010640
1000203
1010167
1010168
1000284
1001339
1003819
1003820
1003821
1003918
1008054
1006816
1002435
1002437
1007831
1007832
1007833
1007834
1007835
1007836
1007837
1007838
1007839
1007840
1007841
1007842
1007843
1007844
1007845
1007846
1007847
1007848
1007849
1007850
1007851
1007852
1007853
1007854
1007855
1007856
1007857
1007858
1007859
1007860
1007861
1007862
1007863
1007864
1007865
1007866
1007867
1007868
1007869
1007870
1007871
1007872
1007873
1007874
1007875
1007876
1007877
1007878
1007879
1007880
1007881
1007882
1007883
1007884
1007885
1007886
1007887
1007888
2030001
2030002
2030010
2030011
1008508
1000440
1001630
1007889
1007890
1007891
1007892
1007893
1007894
1007895
1007896
1007897
1007898
1007899
1007900
1007901
1007902
1007903
1007904
1007905
1007906
1007907
1007908
1007909
1007910
1007911
1007912
1007913
1007914
1007915
1007916
1007917
1007918
1007919
1007920
1007921
1007922
1007923
1007924
1007925
1007926
1007927
1007928
1007929
1007930
1007931
1007932
1007933
1007934
1007935
1007936
1007937
1007938
1007939
1007940
1007941
1007942
1007943
1007944
1007945
1007946
1007947
1007948
1007949
1007950
1007951
1007952
1007953
1007954
1007955
1007956
1007957
1007958
1007959
1007960
1007961
1007962
1007963
1007964
1007965
1007966
1007967
1007968
1007969
1007970
1007971
1007972
1007973
1007982
1007983
1007984
1007985
1007986
2030003
1004268
1008439
1008482
1008483
90002057
1007987
1007988
1007989
1007990
1007991
1007992
1007993
1007994
1007995
1007996
1007997
1007998
1007999
1008000
1008001
1008002
1008003
1008004
1008005
1008006
1008007
1008008
1008009
1008010
1008011
1008012
1008013
1008014
1008015
1008016
1008017
1008018
1008019
1008020
1008021
1008022
1008023
1008024
1008025
1008026
1008027
1008028
1008029
1008030
1008031
1008032
1008033
1008034
1008035
1008036
1008037
1008038
1008039
1008040
1008041
1008042
1008043
1008044
1008045
1008046
1006817
1006879
1006885
1006891
1007065
1007069
1007080
1008062
1008541
1008542
1008799
1008800
1008801
1008802
1008803
1008804
1008805
1008806
1008813
1008814
1008946
1008980
1008981
1008990
1008993
1008994
1008995
1008996
1008997
1008998
2040001
1005510
1008138
1008139
1008140
1003774
1003775
1008047
1008048
1008049
1008050
1008051
1008052
1008053
1003301
1004847
1009287
1002385
1006591
1006592
1006593
1006594
1006597
1006598
1006599
1006595
1006596
1006590
1008450
1003401
1006621
1006622
1006623
1009072
1009073
1009074
1009075
1009076
1009077
1009078
1009079
1009080
1009081
10010001
10010010
1003672
10010011
1009213
10010012
1009383
1003673
10010013
1003674
10010014
1009384
1003675
10010015
1004230
1003676
10010016
1003677
10010017
1009399
1009407
1003678
10010018
10010019
10010020
10010021
10010022
10010023
1009385
1003679
10010024
10010025
1009386
1003680
10010028
10010029
10010031
10010032
10010033
10010034
10010035
10010036
10010038
10010039
10010040
10010049
10010041
10010042
1009387
10010043
10010044
1006104
1005812
10010045
1009388
10010046
10010047
1001278
1001279
1001280
10010205
1009326
10010206
10010207
10010208
10010209
10010210
10010211
1009327
10010309
10010026
1009389
1003681
10010027
1007286
1009328
1003682
10010037
10010212
10030001
10010321
10010101
10010102
10010103
10010104
10010105
10010106
10010107
10010301
10010306
10010307
10010308
10010310
10010311
10010312
10010313
10010302
1007290
1009329
1003683
10040001
1004066
10010303
10010304
1007291
1003685
10010305
1001212
1001213
1001214
1001215
1009445
1009446
1009447
1009448
1001774
1003737
10010201
10010202
1003684
10010203
10010204
1009330
1001761
1009084
1009085
1001216
1001217
1011001
10050001
13520001
1003689
13520002
1003690
13520003
1003691
13520004
1003692
13520005
13520006
13510002
1003032
13510003
13530001
1003054
13540001
1000253
14030001
14030003
14030002
21010113
11812001
11812002
1004711
1004922
1009331
1004483
1004484
1009390
1004486
1004713
1004712
1004714
1004766
1001008
1001033
10020002
1003686
10020003
10020006
1002853
10020007
1002866
10020008
1002867
10020106
10020109
10020112
1002470
10020102
10020110
1007182
1000264
1003826
1001075
1004842
1005844
1005845
118040001
1004590
1004715
1004591
1004592
1004516
1004517
1004518
1004716
1004767
1004655
1001388
1001389
1000884
1000886
1003582
8050002
1000942
1001057
8050003
1001058
8050004
1002662
110010002
1004786
1002663
110020002
1004753
1004754
1000804
1000157
1008312
1000158
1008309
1001991
1000159
1008317
1000174
1001549
1005861
1000175
1000194
1000201
1004954
1005862
1000205
1000486
1008318
1007523
1000550
1008314
1000551
1000153
1008311
1007531
1000026
1000563
1008319
1000358
1008313
1000166
1008316
1000714
1003623
1000357
1003619
1000356
1003618
1004765
1000148
1008315
1000703
1005163
1003621
1000721
1003624
1000704
1003622
1006635
1006636
1006625
1006632
1006638
1006633
1006634
1006637
1007536
1006608
1006624
1006639
1006640
1006645
1006646
1006660
1006661
1006649
1006650
1007541
1006651
1006662
1006663
1007542
1006652
1006664
1006665
1007543
1006653
1006654
1006655
1006656
1007544
1006647
1006648
1006657
1006658
1006659
1006143
1006533
1006534
1006535
1006539
1006540
1006541
1006542
1006543
1006544
1006545
1006546
1006547
1006548
1006573
1006574
1007550
1006641
1006642
1006644
1006643
1010245
1010293
1010641
1010246
1010563
1010247
1000285
1004949
1006420
1006421
1006424
1006425
1006426
1006427
1006428
1006429
1005841
1006430
1006434
1000025
1008322
1008320
1008321
1000426
1000427
1000428
1003442
1000801
1003443
1003444
1003449
1003454
1003467
1003432
1003435
1003441
1007551
1003465
1003466
1003431
1002114
1002115
1002144
1002166
1001141
1000993
1000359
1008310
1000176
1000437
1010248
1010294
1010249
1010564
1010250
1005089
1001046
1001050
1001104
1001105
1001106
1001107
1010896
1010897
1010898
1010899
1001083
1002278
1001139
1001140
551001
551003
551002
552001
1000546
1000547
1001769
1000830
1003464
1003468
1005169
1005170
1005171
1005349
1002062
1008868
1008870
1008869
1003469
11814001
21040006
21040014
21040015
21040016
11814011
1001766
1008587
1000023
11814002
1009125
1009126
11020001
11010001
11010003
11010004
1008506
11010005
1000680
1009127
1008490
1009123
1009124
1008588
11220001
11220002
11210001
11210002
11210004
1009009
1000723
21010157
1000709
5060001
5060003
5060004
5060006
5020017
1009454
1009455
1009456
1009499
1009500
1009501
1002665
1009488
1009489
1009516
1009517
1009518
1005744
1009333
1009334
1009417
1009418
1009419
5060002
1001070
1005013
5090001
5090002
5020019
5640001
1006549
1006550
1009039
5070001
5070002
5070003
5070004
5070005
5070006
5070007
5070008
5070009
5070010
5070011
5070012
5070013
5070014
5070015
5070016
5070017
5070051
5070081
1002925
1009338
1009339
1009340
1006136
5070052
5070082
5080001
5080002
5080003
5080051
5080052
1001092
1000090
1000118
1000119
1009341
1009360
1009361
1009362
1009363
1009364
1009378
1009379
1009380
5070020
5070021
5070022
5070023
1000439
1002869
1002870
1002904
1008986
1008987
1001496
5010001
5010002
5010004
5010005
1001971
5010008
1001521
5010037
1003477
5010033
5010018
5010016
5010017
5010019
5010028
5010029
1008511
5010007
5010012
5010021
5010031
1001211
5010006
5010013
5010014
5010020
5010032
5010038
5020001
5020002
5020032
5020028
5020014
1010096
1010097
1010098
1010099
1010100
5020012
1004358
5020013
1004330
1001718
5020023
5020024
1001770
5020004
120200004
5020003
5020005
5020009
5020010
5020011
5020026
5020027
5030002
5030003
5030004
5030005
5030006
5030001
5030007
5030008
5040002
5040030
5040004
5040005
5040006
5040001
5040007
5040008
5040011
5040013
1001112
1001225
1002367
1002368
1002369
5050006
5050007
5050008
5550006
5550007
5550008
1005735
5050001
1002347
1009335
1009336
1009337
1009457
1009458
1009459
1009502
1009503
1009504
1006137
1002366
5050002
5050003
5050004
1002370
5050005
5050009
1002348
5050011
1009038
5550001
5550002
1002906
5010035
5010039
5010040
5010041
5010042
5010043
5010044
5010045
5020030
1000108
1000110
1000590
1000591
1000698
1000699
1000826
1000891
1000892
1000941
1001086
1001087
1001227
1001228
1002296
1002356
1001498
1007633
1006130
1009365
1009366
1009367
1009368
1009369
1009370
1009391
1009392
1009393
1009394
1009395
1009396
1009318
1009320
1009321
1009429
1009430
1009431
1009319
1009322
1009323
1009421
1009422
1009423
1009424
1009425
1009426
1009449
1009450
1009451
5480020
5480010
1001398
5480005
1002157
1000834
5480001
5480030
5480004
5480008
5480009
5480015
5480016
5480017
5480018
5480019
5480021
5480027
5480028
5480011
5480012
5480013
5480014
21030045
21030046
5480002
5480029
5480031
5480003
5480006
5480007
5480022
5480023
5480024
5480025
5480026
1001694
1001784
1002051
1002052
5480034
5480036
5480039
5480040
5480050
5480051
5480052
5480053
5480054
1000204
5480035
5480043
5480046
5480047
5480055
5480056
5480058
5480059
5480060
5480057
1009342
1009371
1009372
1009373
1009374
1009375
1000247
1000376
1000461
1005212
5210001
5210002
5210003
1000438
1002871
1002905
1008988
1008989
1002448
1002868
1000982
1004881
1000988
1003211
1002447
1005044
1002442
5610001
5610002
1000980
5610003
1000981
5610004
1004726
1004745
1004746
1003275
1003501
1002158
1004895
1000842
1009352
1003298
1004730
1001809
5010036
1001446
5050010
1002371
1002372
1000816
1006047
1010620
5070018
5070019
5070054
1001474
5060005
2530005
2530006
2530008
2530015
2530097
2530020
2530069
2530094
2530022
2530095
2530092
2530023
2530024
2530025
2530029
2530030
2530032
2530033
2530034
2530036
2530037
2530040
2530041
2530042
2530044
2530045
2530046
2530048
2530049
2530050
2530052
2530053
2530054
2530055
1002745
2530057
2530059
1000000
2530075
2530076
1005533
1005534
1005535
1005536
1005537
1005538
1005539
1005959
2530004
2530091
2530086
2530007
2530090
2540003
2540013
1001617
2540004
2540005
2540011
2540012
2540014
2540006
2540007
2540018
2540019
2540020
2540021
2540022
2550014
1000170
2540002
2540009
2540023
2540024
2540025
2540026
2540027
2540028
2540029
2540030
2540031
2530064
2530065
1009398
2550031
2550030
2550036
2550003
2550004
2550019
2550020
2550021
2550023
1008823
1008824
1008825
1008826
1000434
1008827
1008828
1008829
1008830
2550026
1008831
1008832
1008833
1008834
2550027
1008835
1008836
1008837
1008838
2550028
1008839
1008840
1008841
1008842
2550029
1008843
1008844
1008845
1008846
1008847
1008848
1008849
1008850
1008851
1008852
1008853
1008854
1008855
1008856
1008857
1008858
2550005
2550006
1001702
2550007
2550012
2550013
2550039
2550015
2550038
1003259
1005592
1005593
1005594
1005595
2550018
1005624
1005625
1007403
1005626
1005627
1005628
1007404
1006735
2550016
2550017
1000832
1005589
1005590
1004734
2550022
1004735
1005614
1005615
1005616
1005617
1005618
1005619
1005620
1005621
1005622
1005623
21010074
1009779
1009780
1005596
1005600
1005597
1005599
1005601
1005598
1005654
1005655
1005656
1005657
1005658
1005660
1005659
1005602
1005604
1005605
1005606
1001520
1004733
1005567
1005591
1005603
1005661
1005662
1005663
1005664
1005607
1005931
1005608
1005609
1005610
1005611
1005612
1005613
1005629
1005630
1001750
1001772
1002015
1003128
1003208
1003260
1003261
1003262
1003263
1003264
1003265
1003266
8910001
1006302
8920001
1006303
1000467
1001079
1010326
1005206
1005207
1005208
1005210
1001081
1001080
1001193
1010556
1010557
1010844
1004188
1004826
1004828
1004825
1004827
1005910
8150001
8150002
8150003
1000269
8150004
1003097
8150005
8150007
8150016
1001703
8150009
8150011
1001376
1001704
1005785
8150012
8150013
8150015
8150017
8150018
1002357
8150019
1000262
1003921
1004042
1004728
1005808
1004729
1008459
1010313
1005809
1005810
1005811
1005813
1005814
1005815
1008264
1008265
1008266
1008267
1003210
1006947
1008268
1008269
1001024
8160001
1004946
1002510
1004823
1010895
1011238
1005704
1009844
1008553
1008554
1008555
1008558
1008559
1009838
1008767
1009494
1009495
1009496
1002960
1002961
1002962
1002963
1002964
1002974
1002981
15020007
1002982
1003421
1009040
1009041
1009042
1009043
1009044
1009045
1009046
1009047
1009048
1009068
1002975
1002976
1002977
1002978
1002979
1002980
1000415
1009490
1009521
1009522
1009579
1005781
1006106
1003748
1003926
1003927
1005047
1005048
1005049
1005050
1005051
1010586
1010587
1010588
1010589
1010590
1010591
1010592
1010593
1010594
1001642
1000202
1005495
1005496
1004756
1004759
1006196
1006142
1001652
1007573
1007574
1007575
1007576
1007577
1007579
1004762
1004758
1004757
1004755
1003527
1007552
1008886
1008863
1008885
1008887
1008731
1008732
1008915
1007557
1000561
1009597
1009598
1009599
1006151
1008889
1006732
1004763
1007558
1004764
1008894
1007560
1008895
1008902
1008903
1008905
1007561
1000368
1008912
1009601
1009603
1000258
1008900
1008896
1008901
1008954
1011371
1011372
1011373
1011374
1011375
1011376
1011377
1011378
1011379
1011380
1011381
1011382
1011383
1011384
1011385
1011386
1011387
1008908
1001758
1008892
1008957
1008904
1008906
1008907
1008893
1008897
1008898
1008899
1008960
1008961
1008918
1008919
1008965
1008966
1008925
1008922
8060001
21010095
1008958
1008933
1008691
1008959
1008927
1008890
1008917
1008950
1008942
1001967
1008888
1008916
1008939
1008937
1008867
1008945
1008943
21010061
1008953
1008947
1008955
1001949
1001316
1008914
1008944
1008940
21010032
1008938
1008956
1008967
1008952
1008911
1008948
1008951
21010173
1009623
1000109
21010159
1008891
1000382
1001308
1004892
1001314
8060002
21010034
1005161
21010036
1004303
1001320
1001309
1001318
1009024
1001312
1001319
1004912
1008620
1008862
1008884
1008909
1008910
1008913
1008921
1008928
1008929
1008931
1008932
1008934
1008935
1008936
1008941
1008949
1008968
1008970
1010547
1010548
1010549
1010550
1010551
1008930
1008973
1008975
1008924
1008969
1008962
1008976
1008964
1008963
1008926
1008923
1008920
1008972
1008971
1008974
1009602
1009604
1009600
1000462
1005546
1005547
1005548
21010004
21010050
21010051
21010052
21010063
21010065
21010066
21010169
21010178
21010179
21010180
1000407
1000559
1008491
1005521
1005522
1005523
1009559
1009560
1009561
1009562
1009563
1009564
1009565
1009566
1009567
1009568
1009569
1009570
1001409
2020003
2020004
2020005
2020006
21010080
21010081
21010090
21010100
1003610
21010101
21010102
21010116
21010121
21010128
21010130
21010131
21010142
21010154
21010155
21010165
21010166
21010171
21010172
1000107
1000225
1000232
1000689
1001066
1001067
1000260
1001188
21010038
21010114
1008340
1008341
21010160
1009624
1000112
1000367
1008094
1000384
1000397
1000398
8030002
1003865
21030036
21030037
21030038
21030054
21010071
21010073
1001325
1001328
1001346
1001347
1001348
1002506
8030003
2550009
2550010
2550011
21010005
21010007
21010008
21010009
21010031
1005477
1001726
1005478
21010035
21010043
21010044
21010046
21010037
21010053
21010054
21010055
21010059
21010060
1004885
21010067
1003694
21010068
21010069
1007978
1007979
21010177
1001551
21010072
21010083
21010084
21010087
21010091
21010092
21010093
21010096
21010097
1009032
1009036
21010098
21010099
21010103
1009026
1009050
21010104
1009027
1009052
21010106
21010107
21010108
21010111
21010115
21010117
21010118
21010122
21010124
1008516
1009051
21010125
21010126
21010127
1000274
21010133
21010134
21010135
21010136
21030137
21010138
1009028
1009053
21010140
21010141
21010143
21010144
21010145
21010146
21010147
21010148
21010150
21010152
1004886
21010156
21010163
21010164
21010174
1000111
1000115
1000100
1000060
1000089
1000154
1000121
1000178
1000181
1000212
1000213
1008517
1000214
1000252
1000290
1000312
1000309
1000369
1000385
1000386
1008571
1000387
1000388
1000389
1000851
1000852
1000853
1000854
1000863
1001414
1001321
1001315
2020001
2020002
21030048
21030049
21030053
21030078
1001093
1001091
1001094
1001095
1001096
120070001
21010123
1009033
1009037
21010132
21010176
1000255
1000270
8030001
1000424
1000632
1000633
1000448
1000449
1000450
1000474
1000451
1000457
1000458
1000454
1000083
1000694
1001741
1000453
1006200
1001445
1003988
1004007
2550024
2550025
1000710
1003932
1003946
1003947
1003948
1005466
1005473
1005474
1005475
1005476
1003420
1003693
21010076
21010077
21010078
2020007
1000056
21040017
21040018
139050001
21040013
1000215
1001495
21040019
1008492
21040001
21040003
1000216
1000217
21040002
21040007
21040008
21040010
21040012
1001142
21040004
21040005
1003382
1008338
1001509
1002512
1002513
1002514
1002528
1002529
1002530
1002531
1002532
1002533
1002534
1002535
1002536
1002539
1002540
1002541
1002542
1002543
1002544
1002545
1002546
1002547
1002548
1002554
1002555
1002556
1002557
1002558
1002559
1002560
1002561
1002562
1002563
1002564
1002565
1002566
1002567
1002568
1002569
1002570
1002571
1002572
1002577
1002578
1002579
1002580
1002583
1009442
1009443
1009444
1002584
1000224
1002537
1002538
1002549
1002550
1002551
1002552
1002553
1002573
1002574
1002575
1002576
1002581
1002582
1002585
1002586
1002587
1000366
1001679
1001680
1001681
1001682
1001683
1001684
1001685
1001686
1002588
1002589
1002590
1002591
1002592
1002593
1002594
1002595
1002596
1002597
1002598
1002599
1002600
1002601
1002602
1002603
1002604
1002605
1002606
1002607
1002608
1002609
1002610
1002611
1002612
1002613
1002614
1002615
1002616
1002617
1002618
1002619
1002620
1002621
1002622
1002623
1002624
1002625
1002626
1002627
1002628
1002629
1001037
1007788
1008551
1008574
1008583
1008612
1008613
1008676
1008677
1008678
116130002
21030013
21030087
21030089
120110006
21030109
14040001
1005482
1005955
1005337
1005372
1005373
1005374
1005382
1005453
1005953
826001
21030024
21030025
21030026
21030027
21030039
21030040
21030041
21030066
21030067
1001364
1005543
21030102
1004511
1001221
8070001
21030047
21030091
1006262
1000700
1005162
1003620
21030103
21030104
1000188
21030004
21030021
1011254
1004302
1000007
21030002
21030003
21030030
21030077
1001200
21030095
1010647
1010648
1010649
21030020
21030028
21030031
21030042
21030043
21030044
21030055
21030061
21030069
21030070
21030071
21030073
21030075
21030079
21030080
21030081
21030082
21030084
21030090
21030092
21030093
21030094
21030096
21030100
1005389
1005390
1005391
1005392
1001439
1001554
1000477
1000482
1005195
1009462
1009463
1005070
1000163
1009584
1000394
1001804
1005348
1000639
1000638
1000640
1000695
1000637
1003047
1005347
1000635
1000636
1000686
1005517
1005518
1005519
1005520
1005525
1005526
1005527
1005528
1008304
1008305
1008306
1008307
1003171
1004223
1006852
1002407
1001084
1005248
1009397
1000541
1001219
21010012
21010013
21010014
21010016
21010020
2520001
2520025
2520019
2520014
2520002
2520004
25200014
1004749
1004943
1004944
1005515
15020008
15020009
15020010
1003539
1008216
140010002
140010003
140010004
140020005
140020006
1006412
110010004
110020004
118050003
120050011
116010004
1250001
1250008
1250009
1003384
109010006
109020007
109020008
109020009
109020010
109020011
109020012
1000156
1004752
120050003
1006876
1000715
1000716
1000717
1000718
1000719
1000362
116100021
920070007
920070001
920070002
920070003
920070004
920070005
920070006
920070008
900110001
116030001
116030002
116030003
15010003
1003005
1003006
1001405
1001404
1005194
1001246
116030013
116030014
116030015
1000556
827001
827002
827003
827004
827005
1000577
1003929
1004736
1004739
8860001
21010109
1000339
1000340
200040001
1000337
1000254
107010007
107010008
107010009
107010010
107010011
107010012
102010001
102010002
102020003
1000898
1000899
8070002
108020002
108020004
108020006
108020008
1001572
1001573
1001575
1001576
1001578
1001579
1001580
1001587
1001593
1001594
1001595
1001596
1001597
1001599
1001600
1000943
6010004
6020004
1000246
1001415
1000932
1000164
1000527
21030072
1000987
1003383
1000381
1001276
90002122
90002124
90002128
120280002
1009460
1001844
1004515
1000074
118004
1003196
1003316
1008573
1008611
1006266
90002049
1004934
1008108
1005357
14180001
14040002
900060001
1003310
1003311
1006304
1006306
1003312
1003313
1003314
1003187
1005120
1006399
1001065
1008297
1008302
1008303
1008789
1008790
1008791
1008792
1010618
1010633
1010634
1011235
1008328
1008327
1008329
2530072
2530068
2530096
2530085
2530083
2530087
2530070
2530093
2530009
2530010
2530011
21020037
21020038
21020039
21020040
1000484
1000494
1000501
1000503
1000508
1000514
1000516
2520003
2520007
2520018
2520021
21020028
1008135
21020002
1001513
21020029
1008136
21020027
21020004
21020031
21020005
21020030
21020006
1005541
21020018
21020022
21020023
1005542
1000701
1000702
1000705
1000706
2530088
1005155
1005154
1009771
1009772
1009773
1009774
1009775
1009776
1009777
1009778
1005010
1009205
1000371
1005092
1005093
1000257
1000495
1000496
1000497
1000498
1000499
1000500
1000502
1000504
1000505
1000506
1000507
1000509
1000510
1000511
1000512
1000513
1000515
1000517
1000518
1000519
1000520
1000521
1000522
1000523
1000524
1000525
1000526
21020021
1001565
1000341
1000342
1000343
1000344
1000345
1000346
21020015
21020017
21020025
21020035
1001026
139040001
1000555
21020016
1002362
1002490
1010615
1010635
1010636
1011236
1001251
1001252
1010616
1010637
1010638
1011237
1010835
1010836
1010837
1010559
1010555
1010838
1010839
1010840
1010841
1003428
1003429
1002824
1002825
1002826
1002631
1002632
1002633
1002858
1002879
1002880
1002897
1000022
1000027
1000259
1001268
1001286
1000859
1002859
1002860
1002861
1002862
1002863
1002864
1002865
1002958
1002959
1002340
1002832
1002933
1002934
1002689
1002690
1002691
1002692
1002693
1002694
1002695
1002696
1002697
1002698
1002699
1002700
1002701
1002702
1002703
1004791
1004801
1004803
1004805
1004807
1005251
1005252
1002723
1002731
1002732
1002733
1002734
1002735
1002739
1002740
1002741
1002742
1005176
1002813
1002815
1001671
1001672
1001673
1001674
1002851
1002843
1002844
1002845
1002846
1006733
1002704
1002705
1002706
1002707
1002708
1002709
1002710
1002711
1002712
1002713
1002714
1002715
1002716
1002717
1002718
1002719
1002720
1002721
1002722
1002724
1002725
1002726
1002727
1002728
1002729
1002730
1002736
1002737
1002738
1002653
1002654
1002655
1002656
1002657
1002658
1002659
1002660
1002661
1002921
1002922
1002923
1002924
1005211
1008233
1002790
1002791
1002792
1002793
1002794
1002795
1002796
1002797
1002798
1002799
1002800
1002801
1002802
1002803
1002804
1002805
1002808
1002809
1002810
1002811
1002812
1002814
1002816
1002819
1002820
1002821
1002822
1002823
1001665
1001666
1001667
1001668
1001669
1001670
1002833
1002834
1002835
1002836
1002838
1002839
1002840
1002841
1002842
1002847
1002848
1002849
1002850
1008194
1008196
1008431
1008432
1008433
1008434
1006398
1002882
1002884
1002885
1002886
1002887
1002888
1002890
1002883
1002889
1002746
1002747
1002748
1002749
1002750
1002751
1002752
1002753
1002754
1002755
1002756
1002757
1002758
1002759
1002760
1002761
1002762
1002763
1002764
1002765
1002769
1002770
1002771
1002772
1002773
1002774
1002775
1002776
1002777
1001519
1001698
1001754
1006628
1006629
1006630
1006631
1005914
1005915
1010234
1010235
1010236
1010237
1005009
1009206
1000370
1005046
1005091
1000256
1005214
1008078
1011239
1003148
1003177
1003178
1003149
1003014
1003150
1003361
1003365
1003393
1003394
1003180
1003179
1003151
1003181
1003182
1003152
1003395
1003153
1003396
1003397
1003398
1003399
1004829
1004830
1003183
1003184
1003185
1005107
1005108
1005109
1005110
1005111
1005112
1005113
1005114
1005115
1005116
1005117
1005118
1009533
1003272
1003273
8400002
8400004
8190007
1003851
8190001
8190002
8190003
8190004
8190006
1002398
1002399
1001834
8200002
8200003
8200004
8200005
1002299
1002300
8250001
8250002
8250003
8250004
8210005
8210006
8220001
8220002
8220003
8220004
8220006
8220007
8230001
8230002
8230003
8230004
8240001
8240002
8240003
8240004
1002429
1000233
1000238
1001430
1000234
1000236
1000237
1000239
1000240
1000245
1000242
1001362
1001363
1000244
1001403
1000241
1007830
1000243
15030004
15030005
15030001
1001534
1001535
1001536
1010233
1001757
1001762
1001764
1001765
1001795
1001897
1001919
1005713
1001981
1002027
1002028
1004855
1004861
1004862
1002082
1002123
1002227
1002279
1002293
1002294
8300003
1008580
1001380
1001714
1001715
1001695
1001547
1002235
1004871
1004390
8300001
1001377
1001708
8300002
1001378
1001709
8300004
1001379
1004929
1001833
1001866
1003800
1003801
1000888
1003906
1003869
1004225
1004226
1004849
1004859
1004860
1001099
1001332
1001394
1001540
1001541
1001542
1001543
1001544
1001545
1000858
1000862
1005033
1005714
1006048
1006454
1010621
1010622
8310001
1001381
1001705
8320001
1001382
8330001
1001383
1001716
1001867
1003870
8840001
1001710
1001384
8840003
1001385
1001717
1004928
1001868
1003833
1003834
1003835
1003836
1003837
1003871
1003872
1003873
1000885
1005034
1005715
1006050
1010623
8850001
1001386
8880001
1000433
2010026
2010027
1009025
2010028
2010029
2010030
2010031
2010032
2010036
2010039
2010040
2010041
2010003
2010004
1010889
2010042
2010064
2010124
2010010
2010011
1008589
2010012
1008590
2010013
1007626
1010129
1010130
1010131
1010196
1010197
1010198
1002352
1003588
2010019
2010024
1000630
1004887
1000576
1000642
1000589
1000644
1000645
1000647
1004888
1000648
1000649
1000625
1004889
1000650
1000651
1004890
1001447
1000652
1000653
1000654
2010075
1000656
1000657
1001707
1000660
1000627
1000057
1000661
1003930
1000628
1000626
1000662
1000663
1000664
1000665
1000666
1000670
1000671
1000672
1000673
1000675
1000629
1004891
1000676
1000677
1000678
1000883
1010885
1010886
2010044
2010045
2010046
2010047
2010049
2010050
1002107
1002108
1002109
1002110
1004737
2010054
2010055
2010060
2010061
1009029
1009054
2010066
2010067
2010068
2010069
2010071
2010072
2010073
2010074
1001048
2010076
2010077
2010079
2010080
2010094
2010095
2010096
2010102
2010108
1001413
1001418
1001419
1001298
1001299
1001420
1001300
1001301
1000944
2010113
2010121
1001440
1001442
1001441
1001475
1000930
2010116
2010125
1000848
1000849
1000929
2010130
1002669
1003134
1003135
1003136
1003137
1003138
1003139
1003140
1003141
1003142
1003143
1003144
1011324
1003145
1003146
1003147
1009234
1009235
1009236
1009237
1009238
1009239
1009240
1009241
1009242
1009243
1009244
1009245
1008339
2010018
2010023
2010006
2010007
2010008
2010009
2010014
2010015
2010016
2010120
1006509
1002111
2010017
2010022
1001224
1009249
1009250
2010048
2010051
1002112
2010078
2010056
2010062
1001282
1000971
1000972
1001230
1000032
2010092
2010093
2010100
2010105
2010107
2010109
1001443
1001444
2010070
1009251
1009252
1009253
1009246
1009247
1009248
1000035
2010043
1000850
1001735
1001734
2010133
2010081
1001824
2010082
1001898
1011190
2010083
2010084
1001825
2010085
1001826
2010086
1001899
2010087
1001900
2010088
1001827
2010089
1001828
2010090
1001901
1001845
1001902
117020001
1001340
1000221
1000934
1000935
1005692
1005693
1000936
1000937
1005529
1000938
1005530
1000963
1001523
1004021
1005960
1005961
1005962
1005963
1005964
1005965
8010012
1001196
1003526
1003664
1006155
1003549
1003550
1003551
1003552
1006870
1007281
1007300
1007307
1007324
1007353
1007515
1007521
8010004
8010005
1003103
8010001
8010002
8010003
8010006
8010007
1001759
1001823
1002004
8010015
1002384
1001921
1005859
1008982
1010579
1010580
1010581
1001041
10510004
10510006
10510008
10510011
10510049
10510012
10510014
10510015
10510019
10510022
10510023
10510026
10510028
10510029
10510035
1001438
1001485
1001486
1001480
1001487
1001488
1001481
1008581
1001489
1001490
10510036
10510037
10510038
10510039
1009405
10510040
10510041
10510042
10510043
1001201
1001202
10510045
10510046
1002189
10510047
10510048
1009332
1001288
1003440
10510001
10510002
1000931
1003094
1003095
1003096
1005524
1003010
1005679
1003189
1005680
1003015
1005681
1003190
1005682
1003191
1003192
1003339
1003340
1003341
1003019
1003009
1003343
1003344
1005790
1003345
1003346
1002983
1003017
1003347
1003348
1005791
1003349
1005792
1003350
1003351
1005816
1003352
1005793
1005794
1003353
1003354
1003371
1003372
1003373
1003374
1003375
1003376
1003377
1003355
1005683
1003016
1003357
1003358
1003359
1003008
1005684
1003007
1005685
1003360
1003362
1003363
1003364
1003366
1005686
1003367
1005687
1000123
1003451
1003158
1003159
1005786
1003160
1003368
1003161
1005787
1003369
1003162
1003163
1003822
1003823
1003824
1005788
1003370
1003164
1005789
1003165
1003166
1003167
1003168
1004026
1004027
1004028
1004029
1004035
1004036
1004037
1004038
1004039
1004040
1004041
1004520
1004521
1004522
1005795
1004523
1005688
1004524
1004525
1005689
1004526
1004527
1005796
1004528
1004529
1004530
1004531
1004532
1004533
1004534
1004535
1004536
1004537
1004538
1004539
1004540
1004541
1004542
1004543
1004544
1004545
1004546
1004547
1004548
1004549
1004550
1004551
1005797
1004552
1004700
1004553
1005798
1004554
1004555
1004556
1004557
1004558
1004559
1004560
1004561
1004562
1005799
1004563
1004564
1004454
1004455
1004576
1005800
1004577
1005801
1004578
1005802
1004579
1005803
1004580
1005804
1004581
1004582
1005805
1004583
1004584
1005806
1004585
1005817
1004586
1005807
1004587
1003092
1003093
1006859
1006860
1006861
1003479
1001408
1000442
1003517
1003981
1003913
117050001
1001291
1003219
1003061
1003036
1001292
1003200
149010001
1001855
1001111
1005005
1000127
1001508
1004086
1003537
1004274
1003326
1006185
1006297
1002295
1004222
1002046
120190001
116060002
1008534
1010238
1000617
1000618
1000619
1000621
1000622
1001040
1000623
1000624
1000738
1000739
1000740
1000611
1000612
1000614
1000615
1000616
1000741
1000742
1000743
1000613
1010091
1010092
1010093
1010094
1010095
1004694
1004701
1004702
1004705
1004793
1004794
1004695
1004703
1004704
1004706
1004795
1004796
1005121
1005122
1005123
1005124
1005125
1005126
4060001
1008751
1009348
1004910
4060002
1007498
1000395
4060005
1004911
4060006
1004913
4060011
4060009
1003050
4060012
4060013
4060014
1007499
4060015
1000794
1000167
14230001
1010613
14230002
14230003
1000557
1001334
1001349
1001335
1001336
1000122
1002525
1002526
1006049
1001337
1006526
1002527
1002900
1000289
1001220
1003052
14120001
1001502
1005306
1005322
1005332
1005385
1005387
1005512
1005511
1010090
1000003
1010133
1000177
1006862
116100001
1004916
1004915
1004361
1000914
1000915
1000916
1000917
1000921
1000922
1000923
1000968
1000961
1000948
1000949
1000950
1000951
1009312
1003580
1009257
1009258
1009259
1003901
1003902
1003903
1003904
1009263
1009264
1009265
1009266
1009267
1003639
1000487
1005703
1009279
1009280
1009284
1009285
1009288
1009289
1000488
1009281
1009286
1009290
1000186
1002406
1000691
1004841
1004909
1000833
1009534
1001776
1001946
1001984
1001250
1003000
1006004
1008285
1004817
1001051
1000810
1002471
1005333
1009187
1009188
1009313
1009314
1009302
1009303
1010184
1010185
1010190
1009315
1009316
1010101
1010134
14080001
1002852
1001235
1004236
1000182
1001254
1001782
1000406
1000408
1000373
1002485
1001082
1006318
1002489
1007178
1007179
1007180
1004055
1001773
1004067
1000113
1000281
1005839
1005840
1008333
1008423
1008187
1008422
1008188
1008424
1008425
1000869
1008499
1009118
1009119
1009529
1009530
1000149
1000150
1004145
1005838
1009381
1009117
1002440
1000536
1000823
1005978
1005979
1009203
1009204
1009305
1005509
1002995
1005946
1005947
1005948
1006501
1008797
1005949
1005989
1005994
1006502
1008798
14510002
14200003
14200004
14160001
14150001
14170001
1008105
1008106
1009056
1009057
1000405
1001896
1006131
1001829
1001277
14020004
14020007
14020008
1006511
1006512
1002497
1002498
90007002
1020001
1020002
1020003
1020005
1001959
1001285
1001874
1004833
1000033
1290005
1005724
1001494
1000151
1000795
1270001
2510001
2510003
2510006
2510010
1000404
1000396
1008086
1008088
1009176
1009177
1009178
1009300
1009301
1008087
1008089
1009179
1009180
1009181
8040001
1000558
1000377
1003335
1006868
1005675
1003410
1003411
1005677
1004022
1003414
1005192
1005193
1006877
1001522
119040001
119040002
119040003
1000464
1000412
1000413
1000414
1004412
1000566
1005243
88700001
88700002
88700003
88700004
88700005
119050001
119050002
119080001
1000131
1000198
119110001
119110002
119110003
1001499
1001500
1001501
1010186
1003996
1004259
119140001
119060004
119060005
119060006
119060007
119060008
1004261
1004262
119150001
119150006
119280003
119280004
119280001
119280002
119280005
1002185
1000578
1008859
1001696
1001697
1000974
1003572
1002221
119280006
119280007
1000692
1008734
7010001
7010002
7010003
7010004
7010005
7010006
7010012
7010013
7020001
7020002
7020004
1000553
1000564
1001043
1001044
1001045
1003209
1001556
1002409
1002360
1001558
1001550
1006249
1006250
1005853
1006251
1001557
1002422
1002423
1002664
1002667
1004273
1001023
1005060
1004305
1004306
1004307
1001561
1001562
1001563
1005738
1006551
1006851
1003696
1003697
1003698
1003699
1003700
1003701
1003702
1003703
1001429
1001342
1001343
1001344
1001345
1000152
1001323
1001355
1001356
1001357
1001358
1001359
1001360
12120001
1007181
1001021
1000075
1000076
1000077
1000078
1000079
1000080
1000081
1000117
1000999
1003299
1003880
1010104
12020042
1000493
12020039
12020038
1000920
12010037
1005370
1005371
1006248
1010193
1002891
1002907
1002908
1002909
1002910
1002911
1002916
1002917
1002918
1002919
1002920
12060006
12120010
12120011
12120012
12010035
1004356
1003894
1003895
1003896
1000990
1004357
1005555
1001428
1002182
1002314
1002673
1002674
1002675
1001416
1001341
1001406
1001407
1001417
1001392
1002472
1003874
1001622
1001368
1001623
1001369
1001625
1001373
1001222
1001223
1001421
1001422
1001423
1001424
1001425
1001426
1001427
1001431
1001432
1001433
1001434
1001435
1001436
1001437
1001657
1001656
1000808
1002199
1009863
1000855
12030001
1008521
1006413
1010560
1005694
1008807
1008808
1008809
1008810
1008811
1009491
1006135
1010170
1010171
1001912
1005937
1005938
1005939
1005940
1005941
1005942
1005943
1005944
1005945
1000492
1000641
1000679
1000867
1001191
1001237
1001952
1003877
1004329
1005676
1005750
1005751
1005752
1005753
1005754
1005755
1005756
1005757
1005758
1005759
1005760
1005761
1005762
1005763
1005764
1005765
1005766
1005767
1005768
1005769
1005770
1005771
1005772
1005773
1005774
1005775
1000872
1001085
1001510
1002337
1003858
1003878
1004359
1004930
1005068
1006011
1006015
1006016
1006019
1006020
1006038
1006039
1006055
1006056
1005351
1005354
1005353
1001798
1005977
12020009
1005966
1000031
1008430
1005673
1008162
1000436
1000548
1006313
1006314
1007780
12050018
1001568
1000593
12050019
12050021
12040031
1000824
1008240
12040030
12040032
12040033
12040034
12040035
12040036
12040037
12040038
12040039
12040040
12040041
12040042
12040043
12040045
12040046
12040047
12040049
12040050
12040051
12040052
12040053
12040054
12040055
12040056
12040057
12040058
12040059
12040060
1000594
1000595
1000596
1000597
1000598
1000599
1000600
1000601
1000602
1000603
1000604
1000605
1000606
1000607
1000608
1001566
1001567
1001569
1001571
1001631
1001740
1001806
1001807
1001811
1001812
1001813
1001814
12070045
12070046
12070047
12070048
12070049
12070050
12070051
12070052
12070053
12070054
12070055
12070056
12070057
12070058
12070059
12070061
12070062
12070063
12070064
12070065
12070066
12070067
12070068
12070069
12070070
12070071
12070072
1008115
1008116
1008117
1008693
1008694
1008695
1008118
1008119
1008696
1008697
1008120
1008121
1008698
1008122
1008123
1008699
1008124
1008125
1008700
1008238
1008239
1008237
1008241
1008242
1008243
1008244
1008245
1008246
1008247
1008248
1008249
1008250
1008251
1008252
1008253
1008254
1008255
1008256
1007738
1007739
1007740
1007741
1007742
1007743
1007744
1007745
1007746
1007747
1007748
1007749
1007750
1007751
1007752
1007753
1007754
1007755
1007756
1007757
1000868
1005897
1001236
1000866
1005899
1005900
12050020
12070030
12070031
12070033
12070034
12070035
12070036
12070037
12070038
12070039
12070040
12070041
12070042
12070043
12070044
1005224
1005225
1005226
1010179
1010180
1005227
1005228
1005229
1005230
1010176
1010177
1005231
1005232
1005234
1010178
1005233
1000567
1000571
1000573
1000569
1000570
1000574
1000568
1000572
1005826
1005827
1005828
1005829
1005832
1005833
1000919
1003531
1005394
1005395
1005396
1000575
1005358
1005393
1005830
1005831
1005454
1002965
1005455
1005458
1005456
1005459
1008323
1008324
1003525
1005865
1007183
1005866
1005867
1009613
1010169
1009614
1010163
1009615
1009616
1009683
1009684
1009618
1009619
1007184
1007185
1007186
1007187
1010055
1010056
1010057
1010058
1006472
1010302
12010019
1003704
1215001
1000998
1000102
1008500
1008502
1008501
1010242
1008503
1003713
1005564
1005565
1005566
1009523
1009524
1009525
1009526
1001195
1005716
1004342
1004343
1004344
1008621
1008622
1008623
1008812
1001660
1004740
1008166
1008167
1008164
1002432
1002427
1008182
1008165
1005935
1005936
1002002
1003577
1001645
1000020
1000021
1003453
1000091
1000092
1000093
1000094
1002473
1000211
1004951
1003224
1002320
1002321
1002322
1002323
1002324
1001803
1002327
1004917
1002486
1002491
1004696
1003909
1003910
1008126
1008127
1008128
1008129
1002462
1002487
1002495
1002488
1001753
12010015
12010017
12010018
1004089
1004346
1006317
1001145
1001297
1001396
12200001
1000483
1003566
1006448
1006293
1006294
1006295
1006296
1007627
1007628
1007634
1007635
1007631
1007632
1003731
1004698
1003734
1004672
1009271
1003732
1004699
1003733
1004186
1004354
1004353
1010300
1003825
1002668
1004187
1004224
1004347
1004362
1004410
1004707
1004485
1004816
1000193
1001973
1002018
1004997
1003101
1005067
1000928
1001229
1001553
1005156
1001015
1001259
1005221
1005246
1005294
1005295
1005296
1005297
1005336
1005451
1005463
1001854
1001187
1009015
1009416
1006323
1000263
1003452
1004923
1004904
1004905
1004950
1005045
1005071
1002481
1001014
1005218
1000978
1000101
1000713
1004451
1004797
1000945
1005247
1002500
1004787
1005330
1000962
1004091
1009090
1009400
1009401
1009402
1009403
1003827
1004314
1003828
1004349
1004708
1004724
1005011
1000991
1005157
1000184
1001025
1001260
1005222
1009441
1005375
1005452
1005464
1005486
1004958
1000165
1000722
1003305
1004798
1000977
1000967
1009099
1009404
1004189
1004190
1004191
1004192
1004193
1003381
1004317
1004599
1004709
1004710
1000979
1002304
1004959
1005072
1004788
1004789
1004790
1005331
1005376
1001860
1001913
1000195
1009034
1009035
1000960
1000476
1001831
1001983
1003717
1002003
1000983
1010239
1010240
1007125
1003436
1002266
1004744
1001110
1010181
1001771
1002010
1002066
1002203
1002213
1001836
1006132
1001838
1002041
1002214
1002215
1002113
1002216
1001257
1008871
1003070
1001763
1001787
1003838
1002078
1002224
1000219
1002261
1004431
1003085
1004840
1005653
1002056
1001504
1002232
1004059
1002057
1002202
1004060
1001977
1001072
1001076
1005782
1001583
1001585
1001586
1001588
1001589
1001590
1001592
1002229
1001887
1000431
1001837
1002217
1002218
1001936
1010296
1010297
1001924
1001876
1003524
1001961
1002072
1001492
1001885
1002073
1008427
1008872
1008873
1001916
1011594
1011595
1011596
1011597
1011598
1011599
1011600
1011601
1011602
1011603
1011604
1011605
1011606
1011607
1011608
1011609
1011610
1011611
1011612
1011613
1004731
1001995
1002225
1002226
1004025
1002219
1002220
1004194
1008570
1000455
1000456
1004078
1000829
1002222
1001988
1002223
1001839
1002230
1010102
1002233
1002228
1002231
1002236
1001786
1011255
1001472
1000610
1010089
1008603
1008624
90002111
90002110
1010116
1010117
1003051
1002453
1002454
1002455
1002456
1002457
1000002
1000010
1000045
1000064
1003049
1003999
1007126
1007127
1007128
1007129
1007130
1007131
1007132
1007133
1007134
1009931
1009932
1010619
1000099
1001108
1004081
1004666
1004667
1004668
1004669
1004670
1004671
1001503
1006601
1006602
1010900
1006603
1001609
1008582
1006604
1008768
1011409
1004799
1006572
1006605
1006606
1006607
1009012
1007280
1007570
1008769
1006609
1006610
1006611
1006612
1006613
1006614
1000466
1006615
1009481
1007409
1000422
1001917
1006269
1006616
1003914
1001942
1006408
1009013
1003342
1006617
1006618
1003356
1010112
1010113
1010114
1007457
1006619
1008163
1010115
1006620
1008815
1008816
1008860
1008861
1006288
1001802
1006940
1007818
1007817
1007819
1008082
1008083
1008084
1008085
1008217
1008263
1007809
1009067
1001943
1006319
1009464
1009465
1000707
1009593
1009685
1009605
1009606
1010298
1010327
1003957
1000796
1000196
1005957
1008342
1008343
1008344
1008345
1008346
1008347
1008348
1008349
1008350
1008351
1008352
1008353
1008354
1008355
1008356
1008357
1008358
1008359
1008360
1008361
1008362
1008363
1008364
1008365
1008366
1008367
1008368
1008369
1008370
1008371
1008372
1008373
1008374
1008375
1008376
1008377
1008378
1008379
1008380
1008381
1006329
1008382
1008383
1008384
1008385
1008386
1008387
1008388
1008389
1008390
1008391
1008392
1008393
1008394
1008395
1008396
1008397
1008398
1008399
1008400
1008401
1008402
1008403
1008404
1008405
1008406
1008407
1008408
1008409
1008410
1008411
1008412
1008413
1008414
1008415
1008416
1008417
1008418
1008419
1008420
1008421
1001022
1000818
1000819
1001011
1001794
1001796
1002029
1002061
1002912
1002913
1002914
1002915
1005556
1005557
1005558
1005559
1005560
1005561
1005562
1005563
136170001
136170002
136170003
136170004
1009519
1011364
136170011
136170012
136170013
1001293
1000068
1002991
136180001
1000471
136180002
136180003
1001555
1011489
136180011
136180012
136180013
136180014
136180015
1006441
1006309
1000065
1008428
100002002
100002001
100002003
100002004
100002005
1001238
1001992
1001730
1001731
1001938
1000311
1009432
1011029
1005209
1005950
1006351
1007977
1007980
1003889
1010610
1010611
1003887
1007981
1003888
1003108
1003109
1003110
1003111
1003112
1004334
1004043
1004151
1004044
1004242
1003002
1005695
1003086
1004174
1004175
1004195
1001281
1004365
1004366
1004367
1004368
1004308
1009437
1010600
1010601
1010602
1010603
1010604
1010605
1010606
1010607
1010608
1010609
1003114
1003115
1003116
1003117
1003118
1003119
1003120
1003121
1003173
1003174
1003175
1003176
1003283
1003284
1003285
1003286
1003287
1003288
1003289
1003290
1004335
1004336
1004337
1004338
1004045
1004046
1004047
1004048
1004152
1004159
1004160
1004161
1004049
1004050
1004051
1004052
1004243
1004244
1004245
1004246
1004018
1004019
1004020
1009607
1005847
1005848
1005849
1009608
1003087
1003088
1003089
1003090
1003091
1004176
1004177
1004178
1004179
1004180
1004181
1004182
1004183
1004184
1004185
1004196
1004197
1004198
1004199
1004200
1004369
1004370
1004371
1004372
1004373
1004374
1004375
1004376
1004377
1004378
1004379
1004380
1004381
1004382
1004383
1004384
1004385
1004386
1004387
1004388
1004389
1004321
1004322
1004323
1009609
1009438
1009439
1009440
1009610
1002187
1003155
1001493
1004732
1003735
1003327
1010851
1008429
1010306
1005479
1005480
1000441
1902001
1004877
1010552
1005507
1010553
1005508
1010554
1006508
1010562
1005338
1006513
1006514
1008784
1009590
1008175
1008176
1008177
1008178
1005540
1004824
1001031
1000956
1000954
1000955
1000957
1000953
1005305
1003613
1001144
1001454
1001570
1001633
1001634
1001635
1001636
1001637
1901005
1003614
1003616
1003617
1005403
1005404
1005405
1005406
1005407
1005408
1005409
1005410
1005411
1005412
1005413
1005414
1005415
1005416
1005380
1005381
1005417
1005418
1005419
1005420
1005421
1005422
1005423
1005424
1005425
1005426
1005427
1005428
1005429
1005430
1005431
1005432
1005433
1005434
1005435
1005436
1005437
1005438
1005439
1005440
1008114
1003282
1001929
1001930
1001931
1001932
1001933
1001934
1001935
1001948
1001950
1001969
1001974
1001975
1001976
1001979
1001980
1001998
1001999
1002000
1002005
1002006
1002007
1002008
1002011
1002014
1002026
1002042
1002067
1002077
1002156
1002163
1002190
1002311
1002428
1000073
1002430
1002463
1009160
1002469
1002475
1002493
1002505
1002743
1002744
1002898
1002936
1002951
1002953
1002954
1001606
1002955
1002956
1003046
1003156
1003157
1005573
1005574
1005575
1005576
1005577
1005578
1005579
1005580
1005581
1005582
1005583
1005584
1008584
1000667
1007087
1009354
1009415
1000210
1000724
1000725
1000726
1000730
1000731
1000732
1000733
1007381
1007382
1007383
1007384
1007385
1007386
1009908
1007642
1007643
1007644
1007645
1007646
1007647
1007648
1007649
1009617
1009686
1009687
1009688
1009689
1009690
1009691
1009692
1009693
1006505
1008585
1000668
1009694
1005472
1003750
1009428
1009466
1009695
1001893
1001908
1005220
1001907
1001918
1003744
1001928
1003652
1003669
1009696
1001925
1001922
1003967
1003968
1003751
1003752
1003760
1009697
1009698
1003575
1003576
1001851
1003542
1001856
1001927
1003933
1004328
1007088
1009161
1007395
1007396
1007397
1007398
1007399
1009699
1009985
1004783
1003966
1009986
1009987
1009988
1009990
1009991
1009989
1003603
1003900
1009993
1003742
1009992
1004392
1003936
1003945
1000535
1003965
1003650
1003400
1003743
1001926
1003278
1003969
1007400
1005216
1005532
1005483
1004869
1005217
1009909
1004395
1004432
1005215
1007387
1007388
1007389
1007390
1007391
1007392
1007393
1007394
1004867
1001830
1003581
1009995
1009994
1004784
1004785
1004868
1005919
1005544
1005545
1005554
1005568
1005569
1005570
1005571
1005572
1008786
1005450
1005643
1005911
1009453
1001641
1008150
1003545
1001469
1002147
1005951
1011322
1011326
1011327
137090001
1006517
1006518
1006519
1006520
1006521
1006522
1006523
1006524
1006525
1008080
1008081
1006195
1010887
1010888
1010808
1010809
1010810
1010811
1010812
1010813
1010814
1010815
1010816
1010817
1010818
1010842
1011329
1011330
1011331
1011332
1011333
1011334
1011335
1011336
1011337
1011338
1011339
1011340
1010819
1010820
1010821
1010822
1010823
1010824
1010825
1010826
1010827
1010828
1010829
1010843
1010845
1010846
1011393
1011394
1011395
1011396
1011397
1011398
1011399
1011400
1011401
1011402
1011403
1011404
1002274
1002275
1001459
1001460
1001461
1001462
1001463
1001464
1009470
1009471
1009472
1009473
1009474
1009475
1009476
1009477
1009478
1009479
1009480
1009482
1009483
1009484
1009485
1009826
1004932
1005021
1001039
1007469
1080004
137020002
1003226
1005702
1003315
1008572
1008610
1007470
1007815
1008059
1008060
1000043
1008061
1007816
1003217
1006393
1004870
1005958
1000659
1010001
1001805
1010003
1010004
1009420
1010005
1007273
1005967
1002326
1009427
1006028
1006121
1006122
1003102
1002499
1003386
1003218
1003387
16110001
1000286
1003198
1005739
1005745
1005913
1008109
1008110
1008111
1008112
1003199
1005912
1006422
1006423
1001109
1001185
1001186
1005746
1005747
1005748
1005749
1008179
1003057
1003058
1003059
1005705
1009591
90002006
1000788
1006431
1006432
1006433
1001552
1006527
1006528
1000283
1001133
1005665
1005776
1008103
1008104
1000843
1002957
1000762
1006537
1008733
16080001
16050035
1008455
1008561
1008458
1008457
1008456
1008560
1008549
1008464
1008607
1007736
1005094
1008562
1008563
1008564
1008462
1008460
1008461
1008463
1008465
1008493
1008466
1008467
1008468
1008537
1008538
1008469
1008470
1008471
1008472
1004283
1008565
1005095
1008566
1007737
1008567
1008568
1008473
1008475
1005503
1005502
1008476
1008477
1008478
1008494
1008495
1008518
1008496
1008497
1008519
1008520
1008536
1008479
1008480
1008498
1010199
1010200
1010201
1010202
1010203
1010204
1010205
1010206
1010207
1010208
1010209
1010210
1010211
1010212
1010213
1010214
1010215
1010216
1010217
1010218
1010219
1010220
1010221
1010222
1010223
1010224
1010225
1010226
1010227
1010228
1010229
1010230
1010231
1003567
1003651
1008550
1008507
1008539
1010232
1002992
1002993
1002994
12010021
12010022
12010023
12010024
1005043
12010027
12010028
12010029
12010025
12010034
12010030
12010031
12010032
1001847
1007274
1005932
1008197
1001848
1001767
1005933
1007275
1008208
1001888
1001477
1006552
1006553
1006554
1006555
1006556
1006557
1006558
1006559
1006560
1006561
1006562
1006563
1006564
1006565
1006566
1006567
1006568
1006569
1006570
1006571
1004697
1006600
1000082
1004902
1004588
1005678
1006449
1004834
1006875
120120001
1001789
12013001
120230001
120240001
1009492
1008758
1009573
1007407
1011242
1011411
1006772
1009493
1008759
1006099
1009508
1009509
1009510
1009574
1009575
1001862
1003424
1008793
1011243
1011244
1011245
1009514
1011246
1011247
1011248
1011249
1011250
1006770
1011260
1007734
1000696
1000443
1010852
1010853
1010854
1011307
1011308
1011309
1011310
1011311
1011312
1011313
1011315
1011316
1011317
1011412
1006090
1009576
1009577
1009515
1009578
1011318
1011319
120060001
120060002
120040006
120040009
120040002
120040092
1001791
1003593
120050014
147020001
1009122
1000400
1009189
1009116
1001640
1002285
1008072
118200001
1002515
1000688
1000802
1000803
1001192
1001226
1001234
1001815
1001816
1001817
1001818
1001819
1001820
1003018
1004856
1008985
1006504
1001842
1002044
1000839
1009611
1009627
1009628
1009629
1009630
1002031
1009631
1009632
1002122
1002195
1000416
1009633
1009634
1009635
1009636
1009637
1000417
1009638
1009639
1009640
1009641
1009642
1000418
1002106
1005204
1005205
1009700
1005213
1001841
1002043
1005585
1002045
1005586
1000838
1009643
1009644
1009645
1009646
1009647
1000835
1000419
1000430
1000468
1000470
1000631
1000837
1002030
1009648
1009649
1002032
1002033
1002034
1002035
1002036
1002037
1002038
1002039
1009650
1009651
1009652
1009653
1009654
1009655
1009656
1009657
1009658
1009659
1009660
1009661
1009662
1009663
1009664
1009665
1002040
1009666
1009667
1002096
1009701
1001327
1002682
1002097
1002683
1001457
1009702
1002098
1001027
1005196
1009703
1002099
1001028
1005197
1009704
1002100
1001029
1005198
1009705
1002101
1001401
1005199
1009706
1002102
1001402
1005200
1009707
1002103
1004153
1005201
1009708
1002104
1004519
1005202
1009709
1002105
1005168
1005203
1009710
1002121
1009668
1009669
1009670
1000314
1000403
1001788
1009671
1009672
1009673
1009674
1009675
1009676
1009677
1009678
1009679
1001797
1009680
1009681
1009682
1002124
1002194
1002196
1002197
1003300
1002068
1002069
1002070
1002071
1001012
1001013
1001059
1001175
1005671
1006864
1006865
1006866
1006867
1010301
1010858
1010859
1010860
1008209
1001056
1009297
1001530
1000287
1000375
1000887
1001073
1001074
1001194
1005631
1005632
1005633
1005634
17020001
17020003
17020006
17020007
17020004
17020005
17020017
17020016
17020018
17010002
17010001
17010004
17010003
17010005
17020008
17020010
1002894
17020012
17020013
17020014
17020011
17020015
1003687
17010006
17010007
17010008
17010010
1004933
1003688
1003626
1000844
1002333
1003625
1003627
17020029
17020030
17020031
17020009
17020019
17020028
1002643
1002644
1003705
1001538
1003736
17020032
1002640
1006310
17020034
1002641
1002642
17020035
17020036
17020037
17020027
17020024
17020025
17020026
1002827
1002828
1002829
1002830
1002831
1002645
1002646
1002647
1005401
17020020
1002996
17020021
17020022
17020023
1002508
1002511
1002651
1002652
1002648
1002649
1010595
1010584
1010597
1010598
1010118
1010251
1010252
1002504
1003227
1003228
1003229
1005467
1010253
1010254
1003230
1003231
1003232
1009996
1009997
1009998
1010061
1010062
1010119
1003233
1003234
1003235
1010063
1010255
1010256
1010257
1010258
1010120
1010259
1010260
1010261
1003205
1003236
1003237
1009162
1007405
1009999
1010064
1010065
1010066
1010262
1010263
1010121
1010264
1010000
1010002
1010006
1003238
1003239
1010007
1010067
1003240
1007406
1010265
1010266
1008586
1010008
1010122
1010267
1000669
1003241
1006736
1006737
1002971
1006738
1006739
1003243
1006740
1006741
1010009
1010010
1010011
1010268
1010269
1010270
1010271
1010272
1010273
1003242
1006742
1006743
1010558
1003244
1006744
1006745
1003245
1006746
1006747
1003247
1006748
1006749
1003248
1006750
1006751
1003206
1006752
1006753
1003250
1006754
1006755
1003251
1006756
1006757
1009163
1006758
1006759
1007827
1007828
1007829
1010012
1010013
1010014
1010068
1010069
1010070
1010071
1010072
1010073
1010074
1010075
1010076
1010274
1010275
1010276
1010277
1010278
1010279
1010015
1010016
1010017
1010018
1010019
1010020
1010021
1010022
1010023
1010280
1010281
1010282
1003252
1006760
1006761
1003253
1006762
1006763
1010024
1010025
1010026
1010077
1010078
1010079
1003246
1006764
1006765
1010027
1010028
1010029
1010030
1010031
1010032
1010033
1010034
1010035
1010080
1010081
1010082
1010083
1010084
1010085
1010123
1010124
1010125
1003249
1006766
1006767
1010086
1010087
1010088
1003254
1006768
1006769
1009553
1009554
1009555
1010283
1010284
1010285
1000674
1000877
1000973
1010036
1010037
1010038
1010126
1010127
1010128
1010286
1010287
1010288
1010289
1010290
1010291
17030001
17030021
17030002
17030020
17030003
17030019
1000445
17030005
17030017
17030006
1000446
17030016
17030007
1000447
17030015
17030008
17030014
17030010
17030012
1002637
1002638
1002639
1001350
1001351
1001352
1001353
1001354
1001482
1001255
17030004
17030018
17030009
17030013
2530061
1004924
1004925
1000828
1001497
1007104
17080001
17080002
17080003
17080004
17080005
17080006
17080007
17080009
170800011
17070001
1001256
1001728
1001739
1000889
170800010
1004936
1000992
1003839
1002338
1000411
1005244
1005086
1005087
1005088
1001261
1005245
1004935
1000171
1000190
1000472
1000218
1000817
1000924
1001042
17110001
1008325
17110002
1008064
1008065
134020002
1008331
21510002
1008330
1000220
21510001
2530060
2530062
1004926
1004927
17040002
1003899
1003321
1003322
17060001
17060002
17060003
17060004
17060005
17060006
17060007
17050001
17050002
1008977
1008978
1008979
1806002
119290003
1806001
1007401
1007402
1000856
1000926
1000969
1000336
14120002
1009272
1009273
1009274
1004513
1004514
1004831
1004832
1005836
1005850
1005851
1005852
1001030
1006324
1006326
1000399
18100001
1005930
1005952
18010001
1004284
18010007
1006134
1001755
18070001
1001367
1000288
18050001
18010002
18010004
18010005
1000316
18010009
18010010
18010011
18010006
18010008
1002937
1009317
1010612
1011191
1011321
18020014
1008474
18020015
18020001
18020002
18020003
18020004
18020005
18020006
18020007
18020008
18020009
18020010
18020011
18020012
18020013
18010020
1001199
1001009
1004255
1003852
1000847
1007587
1001208
1001209
1007588
1007589
1004433
1006497
1004434
1006498
1004435
1006499
1004436
1006500
1008183
1009726
1009727
1009728
1009729
1009730
1009731
1009732
1009733
1009734
1009735
1009736
1009737
1009738
1009739
1009740
1009741
1009742
1009743
1009744
1009745
1009746
1009747
1009748
1009749
1009750
1009751
1009752
1009753
1009754
1009755
1009756
1009757
1009758
1009759
1009760
1009761
1009762
1009763
1009764
1009765
1009766
1009767
1009768
1010328
1010329
1010330
1010331
1010332
1010333
1010334
1010335
1010336
1010337
1010338
1010339
1010340
1010341
1010342
1010343
1010344
1010345
1010346
1010347
1010348
1010349
1010350
1010351
1010352
1010353
1010354
1010355
1010356
1010357
1010358
1010359
1010360
1010361
1010362
1010363
1010364
1010365
1010366
1010367
1010368
1010369
1010370
1010371
1010372
1010373
1010374
1010375
1010376
1010377
1010378
1010379
1010380
1010381
1010382
1010383
1010384
1010385
1010386
1010387
1010388
1010389
1010390
1010391
1010392
1010393
1010394
1010395
1010396
1010397
1010398
1010399
1010400
1010401
1010402
1010403
1010404
1010405
1010406
1010407
1010408
1010409
1010410
1010411
1010412
1010413
1010414
1010415
1010416
1010417
1010418
1010419
1010420
1010421
1010422
1010423
1010424
1010425
1010426
1010427
1010428
1010429
1010430
1010431
1010432
1010433
1010434
1010435
1010436
1009769
1009770
1009781
1009782
1009783
1009784
1009785
1009786
1009787
1009788
1009789
1009790
1009791
1009792
1009793
1009794
1009795
1009796
1009797
1009798
1010437
1010438
1010439
1010440
1010441
1010442
1010443
1010444
1010445
1010446
1010447
1010448
1010449
1010450
1010451
1010452
1010453
1010454
1010455
1010456
1010457
1010458
1010459
1009811
1009812
1009813
1009814
1009815
1009816
1009817
1009818
1009819
1009820
1009821
1009822
1009823
1009827
1009828
1010460
1010461
1010462
1010463
1010464
1010465
1010466
1010467
1010468
1010469
1010470
1010471
1010472
1010473
1010474
1010475
1010476
1010477
1010478
1010479
1010480
1010481
1010482
1010483
1010484
1010485
1010486
1010487
1010488
1010489
1010490
1010491
1010492
1010493
1010494
1010495
1010496
1010497
1010498
1010499
1010500
1010501
1010502
1010503
1010504
1010505
1010506
1010507
1010508
1010509
1010510
1010511
1010512
1010513
1010514
1010515
1010516
1010517
1010518
1010519
1010520
1010521
1010522
1010523
1010524
1010525
1010526
1010527
1010528
1010529
1010530
1010531
1010532
1010533
1010534
1010535
1010536
1010537
1010538
1010539
1010540
1010541
1010542
1010543
1005878
1005879
1005880
1005881
1005882
1005877
1005885
1005883
1005884
1005731
1005743
1005742
1005734
1005728
1007674
1007659
1007661
1007660
1007602
1007568
1007621
1007654
1007606
1010650
1010651
1010652
1010653
1010654
1010655
1010656
1010657
1010658
1010659
1010660
1010661
1010662
1010663
1010664
1010665
1010666
1010667
1010668
1010669
1010670
1010671
1010672
1010673
1010674
1010675
1010676
1010677
1010678
1010679
1010680
1010681
1010682
1010683
1010684
1010685
1010686
1010687
1010688
1010689
1010690
1010691
1010692
1010693
1010694
1010695
1010696
1010697
1010698
1010699
1010700
1010701
1010702
1010703
1010704
1010705
1010706
1010707
1010708
1010709
1010710
1010711
1010712
1010713
1010714
1010715
1010716
1010717
1010718
1010719
1010720
1010721
1010722
1010723
1010724
1010725
1010726
1010727
1010728
1010729
1010730
1010731
1010732
1010733
1010734
1010735
1010736
1010737
1010738
1010739
1010740
1010741
1010742
1010743
1010744
1010745
1010746
1010747
1010748
1010749
1010750
1010751
1010752
1010753
1010754
1010755
1010756
1010757
1010758
1010759
1010760
1010761
1010762
1010763
1010764
1010765
1010766
1010767
1010768
1010769
1010770
1010771
1010772
1010773
1010774
1010775
1010776
1010777
1010778
1010779
1010780
1010781
1010782
1010783
1010784
1010785
1010786
1010787
1010788
1010789
1010790
1010791
1010792
1010793
1010794
1010795
1010796
1010797
1010798
1010799
1010800
1010801
1010802
1010803
1010804
1011030
1011031
1011032
1011033
1005890
1005891
1005892
1005893
1005894
1005895
1000001
1005896
1005898
1005901
1005902
1005903
1005904
1005905
1000004
1000034
1009556
1009557
1009558
1006211
1006213
1003530
1006202
1003490
1003560
1006203
1006206
1006207
1006208
1006205
1006210
1003640
1006212
1006204
1003641
1003985
1004264
1003668
1008438
1003806
1003982
1003939
1003984
1003983
1005990
1002140
1005998
1005356
1006012
1005987
1003045
1005988
1005986
1006158
1005984
1005997
1005981
1005993
1002153
1006157
1005999
1006009
1004821
1005980
1002154
1006166
1005996
1005843
1006000
1005995
1005983
1003437
1005992
1005991
1006156
1005985
1005982
1000697
1001532
1005842
1006013
1006003
1006167
1006006
1006176
1002331
1001626
1006008
1006001
1002332
1006789
1002053
1001071
1006777
1006782
1006791
1006785
1001060
1003850
1003855
1006786
1006214
1006787
1006776
1003563
1000871
1000791
1006790
1003848
1006780
1006779
1000792
1005386
1005388
1003609
1006783
1006784
1006774
1003793
1006775
1006781
1006788
1006778
1009620
1006799
1006798
1006796
1006797
1006794
1006795
1006801
1006802
1006806
1008452
1005549
1006815
1006813
1006811
1006810
1006809
1006803
1006800
1009001
1006807
1006818
1006819
1000361
1000549
1000684
1000685
1000797
1000798
1000805
1000813
1000997
1001034
1001038
1001662
1001663
1001664
1001701
1001719
1001720
1001721
1001722
1001723
1001724
1001725
1001760
1001832
1001840
1002013
1002358
1002359
1002400
1002402
1002403
1002806
1002807
1003860
1003897
1004071
1004263
1004962
1004963
1004964
1004965
1004972
1005027
1005100
1005101
1005102
1005103
1005956
1006021
1006022
1006023
1006070
1006105
1006144
1006215
1006216
1006217
1006218
1006219
1006220
1006221
1006222
1006223
1006224
1006225
1006226
1006227
1006228
1006229
1006230
1006231
1006232
1006233
1006234
1006235
1006236
1006237
1006238
1006239
1006240
1006241
1006242
1006243
1006244
1006245
1006252
1006253
1006254
1006255
1006256
1006257
1006258
1006259
1006260
1006261
1006327
1006330
1006331
1006332
1006333
1006334
1006335
1006336
1006337
1006338
1006339
1006340
1006341
1006342
1006343
1006344
1006345
1007082
1005242
1006354
1006361
1006363
1006445
1006442
1006357
1006348
1006464
1006358
1006347
1005254
1005255
1006452
1006349
1005256
1006484
1005257
1005258
1006353
1006356
1006451
1006350
1006439
1006360
1006444
1006491
1006438
1005259
1006483
1006437
1006359
1005260
1006436
1006440
1006355
1005261
1005262
1006530
1005263
1006666
1006462
1006455
1006460
1006453
1005264
1006352
1006456
1006459
1006458
1006435
1006529
1006461
1006463
1006489
1006482
1006465
1006457
1006496
1006346
1006443
1006362
1007083
1007084
1006450
1006668
1006669
1005283
1006821
1006682
1006689
1006702
1007777
1006683
1007779
1006703
1006670
1006671
1006685
1006673
1006711
1006691
1006675
1006676
1006677
1006678
1006679
1006680
1006672
1006709
1006684
1005284
1006686
1005285
1006687
1006688
1006690
1006681
1006695
1006693
1006694
1007778
1006696
1006697
1006698
1005286
1005287
1005288
1005289
1006699
1005290
1006700
1006701
1006820
1006704
1005291
1006705
1006710
1006692
1006734
1006714
1006715
1006716
1006717
1006718
1006719
1005292
1006720
1006721
1006722
1006822
1007769
1005293
1007770
1007773
1007774
1007772
1007771
1007775
1007776
1006706
1006708
1006707
1005302
1006712
1006713
1006823
1006824
1006826
1006827
1006828
1006829
1006830
1006831
1006832
1006833
1006834
1006835
1006836
1006838
1006839
1006840
1006841
1006842
1006843
1006844
1006845
1006846
1006847
1006848
1006849
1006850
1002767
1002780
1002782
1002783
1006882
1006881
1009207
1006855
1009208
1006884
1006883
1006890
1006888
1006893
1006880
1006878
1006886
1006854
1006892
1006887
1006910
1006917
1006909
1006914
1006907
1006915
1006912
1006919
1006911
1006918
1006908
1006898
1006900
1006905
1006904
1006894
1006896
1007085
1006906
1006895
1006902
1006899
1006897
1007086
1006936
1006943
1006950
1006944
1006939
1006945
1006941
1006937
1006935
1006933
1006922
1006930
1006920
1006924
1006929
1003919
1006934
1006921
1006923
1006931
1006932
1003920
1006926
1006889
1006927
1006925
1007781
1007792
1007787
1007784
1007794
1007783
1007782
1007790
1007791
1007793
1007789
1007786
1007785
1001001
1001002
1001036
1005265
1005266
1005267
1005268
1005269
1005270
1005271
1005272
1005273
1005274
1005275
1005276
1005277
1005278
1005279
1005280
1005223
1006967
1006968
1006969
1006970
1006971
1006972
1006973
1006974
1006975
1006976
1006977
1006978
1006979
1006980
1006981
1006982
1006983
1006984
1006985
1006986
1006987
1006988
1006989
1006990
1006991
1006992
1006993
1006994
1006995
1006996
1006997
1006998
1006999
1007000
1007001
1007002
1003907
1007003
1007004
1007005
1007006
1000374
1007007
1007008
1007009
1007010
1007011
1007012
1007013
1007014
1007015
1007016
1007017
1007018
1007019
1007020
1007021
1007022
1007023
1007024
1007025
1007026
1007027
1007028
1007029
1007030
1007031
1007032
1007033
1007034
1007035
1007036
1007037
1007038
1007039
1007040
1007041
1007042
1007043
1007044
1007045
1007046
1007047
1007048
1007049
1007050
1007078
1007079
1007081
1008744
1009723
1009724
1009725
1008743
1006804
1006805
1008740
1008742
1007051
1008453
1007054
1007052
1007055
1007053
1007056
1007073
1007057
1007059
1007067
1007061
1007068
1007063
1007077
1007062
1007064
1002685
1008739
1006808
1006812
1007070
1007071
1007072
1007074
1007076
1007075
1007060
1007058
1008454
1008735
1008736
1008737
1008738
1008741
1006928
1006938
1006942
1006946
1008529
1009209
1009210
1009211
1009215
1007107
1007108
1007109
1007110
1007111
1007112
1007113
1007114
1007115
1007116
1007117
1007118
1007119
1007120
1009917
1009918
1009919
1009920
1009921
1009922
1009923
1009924
1009925
1009926
1009927
1009928
1009929
1010303
1010304
1010305
1007135
1007136
1007137
1007138
1007139
1007140
1007141
1007142
1007143
1007144
1007145
1007146
1007147
1007148
1007149
1007150
1007151
1007152
1007153
1007154
1007155
1007156
1007157
1007158
1007159
1007160
1007161
1007162
1007163
1007164
1007165
1007166
1007167
1007168
1007169
1007170
1007171
1007172
1007173
1007175
1007176
1007177
1010135
1010136
1010137
1010138
1010139
1010140
1010141
1010142
1010143
1010144
1010145
1010146
1010147
1010148
1010149
1010150
1010151
1010152
1010153
1010154
1010155
1010156
1006321
1006370
1007206
1007204
1007198
1007194
1001793
1007202
1007205
1007193
1007197
1007196
1007195
1007199
1007201
1007203
1007200
1001792
1007214
1006962
1006963
1007213
1007210
1007207
1007208
1006964
1006965
1006966
1007209
1007600
1007590
1007591
1007593
1007592
1007594
1007595
1007596
1007597
1007598
1007599
1007601
1007215
1007216
1007217
1007218
1007219
1007220
1002162
1002509
1007221
1007222
1007223
1007224
1007225
1007226
1007227
1009625
1007236
1007237
1007228
1007231
1007234
1007229
1007233
1007230
1007232
1009626
1007235
1007239
1007241
1007238
1007240
1010308
1010309
1010310
1010311
1002784
1007249
1007242
1007243
1007244
1007246
1007247
1007248
1007277
1007250
1007251
1007252
1007253
1007254
1007255
1007256
1007257
1007258
1007259
1007261
1007262
1007263
1007264
1007265
1007269
1007266
1007267
1007268
1007270
1007260
1007271
1007272
1007276
1005235
1007278
1007279
1007282
1007283
1007287
1007288
1007289
1007292
1007293
1007294
1007295
1007296
1007297
1007298
1007299
1007301
1007302
1007303
1007304
1007305
1007306
1007310
1007311
1007312
1007313
1007314
1007315
1002681
1002684
1005236
1007316
1007758
1007759
1007586
1007811
1007814
1007810
1007796
1007797
1007798
1009121
1007799
1007801
1007803
1009304
1007804
1007805
1007806
1007800
1009212
1009214
1009217
1009260
1007812
1007813
1008171
1007802
1009306
1007348
1007346
1007351
1007347
1007350
1007349
1007352
1007356
1007354
1007355
1007329
1007318
1007344
1007330
1007319
1007336
1007343
1007325
1007320
1007335
1007338
1007321
1007333
1007322
1007345
1007331
1007332
1007328
1007337
1007339
1007341
1007342
1002305
1002339
1007334
1007317
1007327
1007323
1007326
1007340
1009621
1009622
1007362
1007360
1007358
1007368
1002671
1003589
1007359
1007370
1007363
1007364
1007365
1007366
1007367
1007361
1004742
1005164
1007371
1007357
1005219
1007369
1007372
1007373
1007374
1007380
1007375
1007378
1007377
1007376
1007379
1003608
1005018
1005019
1005022
1005023
1005053
1005054
1005055
1005056
1005339
1005340
1005345
1006024
1006118
1009511
1009512
1009513
1009535
1009536
1009537
1009538
1009539
1009540
1009541
1009542
1009543
1009544
1009545
1009546
1009547
1009548
1009549
1009550
1009551
1009552
1005918
1008682
1008718
1008709
1008714
1008548
1008717
1008526
1008528
1008546
1008552
1008556
1008683
1008689
1008692
1008707
1008708
1008710
1008547
1008711
1008524
1008530
1008715
1008713
1008525
1008712
1008540
1008716
1008527
1008557
1008282
1008288
1008523
1008289
1005501
1008281
1008277
1008275
1008451
1008280
1008286
1008276
1008272
1008442
1008446
1008445
1008513
1008444
1008514
1008279
1008440
1008283
1005498
1008284
1008273
1005500
1002325
1005499
1008274
1008278
1008443
1008287
1005240
1006814
1007465
1007487
1007460
1007471
1007477
1007481
1007490
1007492
1007486
1007459
1007476
1007468
1007461
1007462
1007493
1007491
1007466
1007507
1007506
1007505
1006270
1006402
1006667
1006674
1006792
1007532
1007518
1007527
1007524
1006793
1007533
1007526
1007525
1007514
1007519
1007530
1007509
1007535
1007510
1007511
1006825
1007512
1007513
1007522
1007529
1007516
1007517
1007534
1006837
1007520
1006951
1006952
1006953
1006954
1007528
1007546
1007537
1007540
1007538
1007539
1007555
1007549
1007548
1007553
1007554
1007545
1007556
1007547
1005344
1005346
1007562
1005550
1005551
1007567
1007564
1007566
1007563
1005553
1007565
1007559
1006955
1007578
1007582
1005674
1007585
1007618
1009829
1007624
1007625
1007610
1007611
1007612
1007615
1007620
1007614
1007616
1007617
1007613
1007619
1007623
1009830
1009831
1009832
1009834
1009835
1009837
1009839
1009840
1009846
1009848
1009852
1007622
1007609
1009933
1009934
1009935
1009936
1009937
1009938
1009939
1009940
1009941
1009942
1009943
1009944
1009945
1009946
1009947
1009948
1009949
1009950
1009951
1009952
1009953
1009954
1009955
1009956
1009957
1009958
1009959
1009960
1009961
1009962
1009963
1009964
1009965
1009966
1009967
1009968
1009969
1009970
1009971
1009972
1009973
1009974
1009975
1009976
1009977
1009978
1009979
1009980
1009981
1009982
1009983
1009984
1003562
1007685
1007686
1009864
1007684
1009865
1009866
1007683
1007650
1007651
1007656
1007657
1007658
1007662
1007663
1007664
1007669
1007667
1007680
1007677
1007665
1007652
1007672
1007673
1007675
1007676
1007670
1007678
1007655
1007671
1007681
1007679
1009867
1009868
1007666
1009869
1009870
1009871
1009872
1007653
1009873
1009874
1009875
1009876
1007668
1007682
1007688
1002079
1007690
1007689
1002083
1002084
1002085
1007693
1007694
1002086
1002087
1002088
1002089
1002090
1002091
1002092
1002093
1002094
1007692
1007691
1009711
1009712
1009713
1007695
1007687
1009877
1007705
1007701
1007707
1007699
1009878
1007706
1007698
1009879
1007697
1007703
1009880
1009881
1009882
1009883
1009884
1007702
1009885
1007704
1009886
1007696
1007700
1007709
1007708
1007710
1007727
1009853
1007711
1007712
1007715
1007716
1007717
1007718
1007720
1007721
1007722
1007723
1007724
1007725
1007726
1007728
1009854
1007713
1009855
1007719
1009856
1009857
1009858
1009859
1009860
1007714
1009861
1007729
1009862
1007730
1007731
1007732
1009887
1009888
1009889
1009890
1009891
1009892
1009893
1009894
1009895
1009896
1009897
1009898
1009899
1009900
1009901
1009902
1009903
1009904
1009905
1009906
1009907
1007416
1007417
1007418
1007419
1007420
1007421
1007422
1007423
1007424
1007425
1007426
1007427
1007428
1007429
1007430
1007431
1007432
1007433
1007434
1007435
1007436
1007437
1007438
1007439
1007440
1007441
1007442
1007443
1007444
1007445
1007446
1007447
1007448
1007449
1007450
1007451
1007452
1007453
1007454
1007455
1008719
1008720
1008721
1008722
1008723
1008724
1008725
1008726
1008727
1008728
1008729
1008730
1002899
1003186
1003378
1003379
1003380
1003478
1003654
1003655
1003656
1003657
1003658
1003659
1003660
1004391
1005487
1005488
1005491
1005493
1005494
1009717
1007188
1007189
1007190
1007191
1007192
1009716
1009719
1008504
1008569
1009720
1009715
1010132
1010157
1010158
1009714
1009718
1010159
1010160
1010161
1010162
1009721
1010907
1010908
1010909
1010910
1010911
1010912
1010913
1010914
1010915
1010916
1010917
1010918
1010919
1010920
1010921
1010922
1010923
1010924
1010925
1010926
1010927
1010928
1010929
1010930
1010931
1010932
1010933
1010934
1010935
1010936
1010937
1010938
1010939
1010940
1010941
1010942
1010943
1010944
1010945
1010946
1010947
1010948
1010949
1010950
1010951
1010952
1010953
1010954
1010955
1010956
1010957
1010958
1010959
1010960
1010961
1010962
1010963
1010964
1010965
1010966
1010967
1010968
1010969
1010970
1010971
1010972
1010973
1010974
1010975
1010976
1010977
1010978
1010979
1010980
1010981
1010982
1010983
1010984
1010985
1010986
1010987
1010988
1010989
1010990
1010991
1010992
1010993
1010994
1010995
1010996
1010997
1010998
1010999
1011000
1011002
1011003
1011004
1011005
1011006
1011007
1011008
1011009
1011010
1011011
1011012
1011013
1011014
1011015
1011016
1011017
1011018
1011019
1011020
1011021
1011022
1011023
1011024
1011025
1011026
1011034
1011035
1011036
1011037
1011038
1011039
1011040
1011041
1011042
1011043
1011044
1011045
1011046
1011047
1011048
1011049
1011050
1011051
1011052
1011053
1011054
1011055
1011056
1011057
1011058
1011059
1011060
1011061
1011062
1011063
1011064
1011065
1011066
1011067
1011068
1011069
1011070
1011071
1011072
1011073
1011074
1011075
1011076
1011077
1011078
1011079
1011080
1011081
1011082
1011083
1011084
1011085
1011086
1011087
1011088
1011089
1011090
1011091
1011092
1011093
1011094
1011095
1011096
1011097
1011098
1011099
1011100
1011101
1011102
1011103
1011104
1011105
1011106
1011107
1011108
1011109
1011110
1011111
1011112
1011113
1011114
1011115
1011116
1011117
1011118
1011119
1011120
1011121
1011122
1011123
1011124
1011125
1011126
1011127
1011128
1011129
1011130
1011131
1011132
1011133
1011134
1011135
1011136
1011137
1011138
1011139
1011140
1011141
1011142
1011143
1011144
1011145
1011146
1011147
1011148
1011149
1011150
1011151
1011152
1011153
1011154
1011155
1011156
1011157
1011158
1011159
1011160
1011161
1011162
1011163
1011164
1011165
1011166
1011167
1011168
1011169
1011170
1011171
1011172
1011173
1011174
1011175
1011192
1011193
1011194
1011195
1011196
1011197
1011198
1011199
1011200
1011201
1011202
1011203
1011204
1011205
1011206
1011207
1011208
1011209
1011210
1011211
1011212
1011213
1011214
1011215
1011216
1011217
1011218
1011219
1011220
1011221
1011222
1011223
1011224
1011225
1011226
1011227
1011228
1011229
1011230
1011231
1011232
1004062
1005249
1005250
1005298
1005299
1005300
1005039
1005040
1005041
1000870
1005364
1006014
1005402
1006029
1005343
1005342
1005367
1005368
142010003
1000708
1002262
1003055
1008690
1006036
1008817
1008818
1008819
1008820
1008821
1004879
1009916
1006153
1006162
1005015
1005016
1005042
1006060
1006061
1006062
1007795
1002020
1002021
1002022
1001732
1001751
1005397
1005398
1006856
1006857
1005400
1005460
1000432
1005706
1005707
1005708
1006057
1006058
1006059
1008107
1006149
1006163
1006140
1006139
1006725
1006726
1008270
1007408
1006515
1006949
1008137
1008257
1008258
1008795
1008796
1002421
1009841
1009842
1009843
1008533
1003126
1009008
1000643
1000646
1006037
1007636
1006152
1000044
1010546
1000655
1000658
1007580
1007581
1003922
1010043
1001410
1008296
1008073
1006146
1006138
1006145
1006141
1006147
1006169
1006170
1006148
1000147
1006071
1006199
1002019
1008271
1006411
1006469
1005489
1005490
1006091
1006092
1006133
1009520
1009355
1009356
1009357
142010001
1003056
1007463
153050001
153060001
1009468
1009469
1005784
1005923
1007121
1005924
1004970
1001296
1009131
1000444
1000452
1000734
1005465
1006098
1007464
1005026
1006025
1009014
1030003
1006067
1006503
1008787
1006268
1006853
1007245
1010241
1010182
1010183
1010195
1005166
1005167
1006178
1006179
1006180
1000489
1000490
1005925
1005926
1005927
1006466
1006201
1006290
1006291
1006263
1010109
1006164
1006165
1006150
1005119
1007569
1006467
1005104
1001994
1009276
1009030
1007309
1008701
1008704
1009018
1008705
1008706
1006364
1001957
1008983
1008598
1008599
1008600
1008601
1008602
1001962
1005350
1008702
1009019
1008688
1008627
1008703
1001944
1009016
1001390
1001945
1009017
1001954
1001953
1008591
1008592
1001955
1001956
1000475
1008326
1000964
1009580
1001653
1001963
1001964
1001965
1001966
1001993
1002012
1008874
1008875
1008876
1008604
1008877
1008878
1008879
1008880
1006365
1005497
1009581
1000711
1006265
1008881
1008593
1008594
1008595
1008596
1008597
1008882
1008883
1006197
1004857
1008679
1009406
1006724
1009031
1008822
1001960
1000620
1003060
1000378
1000379
1000485
1010585
1005934
1005017
1010110
1005020
1010111
1006030
1000282
1010172
1010173
1010174
1010166
1000310
1000317
1000320
1005024
1006064
1002024
1005365
1006017
1005363
1006018
1005069
1000970
1005073
1006031
1005074
1006032
1005075
1006033
1003810
1006093
1005352
1006094
1005355
1006095
1005484
1006096
1005513
1010107
1002095
1006026
1004953
1007089
1005492
1005552
1006403
1001850
1006034
1002351
1000052
1000463
1006097
1005319
1005320
1005321
1005341
1005165
1005369
1005399
1006858
1005461
1001996
1006065
1001997
1002076
1006066
1120001
1005366
1006035
1005449
1006002
1006723
116001
1001727
116340002
1004332
1005301
1000051
1000313
1008076
1008077
1006473
1009612
1008074
1008075
1009836
1004880
1006040
1006171
1006198
153010001
1008151
1006325
1006328
1008531
1008532
1009310
1009311
1010544
1006447
1003931
1003213
1003214
1003215
1003020
1003028
1005720
1005721
1005722
1003131
1004872
1001537
1000720
1000812
14040003
1004858
1001649
1001659
1001088
1002252
1002930
1002931
1001627
1005647
1000103
1003532
1001507
1004903
1005587
1001265
1001266
1003270
1003271
1007174
1007571
1000896
1006863
1007122
1005383
1005384
1007091
1000809
1008215
1003893
1004727
1009094
1006264
1009268
1009269
1009291
1005729
1005730
1004994
1005860
1005974
1005975
1006154
1009190
1004835
1001203
1005709
1000409
1006072
1006089
1009349
1009350
1004738
1010053
1010060
1003892
1000338
1007583
1006194
1001453
1010044
1000024
1003905
1010045
1002436
1005916
1006406
1003612
1006407
1006410
1010847
1010848
1010849
1006193
1002434
1006404
1003611
1006405
1006409
1007500
1000047
1000049
1000114
1007584
1005917
1003665
1001801
1009532
1010049
1006184
1006078
1060000
1210001
1210002
1210003
1210004
1040001
1006041
1040002
1040003
1040004
1000013
1006042
1000014
1000015
1000016
1002170
1003204
1000435
1001890
1000209
1002148
1006481
1002125
1002200
1010599
141040001
1004906
1004907
116960001
1000085
1000478
116960002
1002947
116960003
1000086
1000479
116960004
1000087
1000480
116960005
1000088
1000481
116960006
20110001
20110002
20110003
20120001
20120002
20120003
1006043
1008259
1008545
1006173
1006174
1006175
1006172
1006298
1006299
1006300
1006320
1006301
1006305
1006307
1006308
1006311
1006312
1010191
1010192
116990001
116990002
116990004
1004156
1004241
1010307
1004260
1005666
1000906
1006400
1006446
1003212
1003220
1003216
1005723
1003129
1003130
900070001
1003291
1004363
1006107
1006727
1003292
1006108
1006728
1003293
1002404
1006109
1006729
1003294
1003295
1006110
1006730
1004411
1006731
1003323
1003324
1010103
1003325
1009585
1004345
1004355
1000693
1009586
1001859
1001869
1001870
1001871
1001872
1001873
1005481
1003333
1003334
1003402
1003403
1003404
1003405
1003406
1003407
1003408
1003409
1003493
1003494
1003515
1000067
1003433
1003434
1005462
1005645
1005646
1005644
1005696
1010292
1004408
1005457
1003105
1006285
1003534
1001506
1003533
1003536
1003538
1003535
1001713
1004331
1001852
1001857
1003756
1004360
1004394
1003257
1003258
116830001
116830002
1001810
1001877
1001878
1009587
1003455
1001879
1003456
1001880
1003457
1001881
1003458
1001882
1003459
1001883
1003460
1001473
1001889
1001891
1001892
1003461
1003462
1003463
1001951
1010295
1000592
1001089
1010105
1010106
1003201
1003202
1003203
1003302
1000976
1003303
1003194
1001505
1003106
1001539
1000634
129010001
129010002
129010003
129020001
1005869
1004792
1006111
1006186
1000197
1004800
1006112
1006187
1004802
1006113
1006188
1008746
1004804
1006114
1006189
1000208
1004806
1006115
1006190
1008747
1004808
1006116
1006191
1000959
1009847
1006117
1006192
1000116
1005846
1004325
1004326
1005954
1007456
1007092
1007093
1007094
1003941
1007102
1009262
1009282
1009283
1009298
1007095
1007096
1007097
1003944
1006913
1006916
1009299
1009308
1009309
1007098
1005237
1005238
1005239
1006209
1006956
1003911
1007308
1003912
1001909
1001910
1001911
1001941
1008212
1001190
1003908
1003891
1003845
1004143
1004144
1004201
1005736
1005837
1004304
1007410
1004320
1004333
1004409
1007458
1001779
1001780
1001781
1001864
1001777
1001778
1001863
1007603
1007604
1003497
1003511
1003512
1003498
1003499
1003500
1005061
1008614
1006100
1006101
1006102
1006103
1005062
1008615
1005063
1008616
1005065
1008618
1005064
1008617
1005066
1008619
116030016
116030017
116030018
1004319
120260001
1008625
1008685
1008686
1008687
1009527
1009100
1005777
1005778
120270001
1008626
1009216
1009086
1009129
1009101
1009528
1005779
1005780
120180001
1008605
1008606
1006123
1006124
1006125
1006126
1006127
1006128
1006129
1004396
1004683
1004673
1004674
1004677
1004680
1004682
1004684
1004685
1004675
1004678
1004687
1004676
1004679
1004681
1004686
1004397
1004442
1004446
1004448
1004456
1004449
1004398
1004439
1004445
1004441
1004444
1004438
1004450
1004447
1004443
1004440
1004399
1004400
1004401
1004402
1003992
1004569
1004570
1004571
1004572
1004573
1004574
1004575
1001865
1004033
1004601
1004602
1004603
1004604
1004605
1004606
1004607
1004608
1004609
1004610
1004611
1004612
1004613
1004614
1004615
1004616
1004617
1004618
1004619
1004620
1004621
1004622
1004623
1004624
1004625
1004626
1004627
1004628
1004629
1004630
1004631
1004632
1004633
1004634
1004635
1004636
1004637
1004638
1004639
1004640
1004641
1004642
1004643
1004644
1004645
1004646
1004647
1004648
1004649
1004650
1004413
1004414
1004415
1004416
1004417
1004418
1004419
1004420
1004421
1004422
1004423
1004424
1004425
1004426
1004427
1004428
1004404
1004405
1004406
1004407
1004457
1004458
1004459
1004460
1004461
1004462
1004463
1004464
1004465
1004466
1004467
1004468
1004469
1004470
1004471
1004472
1004651
1004652
1004653
1004654
1004473
1004474
1004475
1004476
1004103
1004104
1004477
1004478
1004479
1004480
1004481
1004482
1004487
1004488
1004489
1004490
1004491
1004492
1004493
1004494
1004495
1004496
1004497
1004498
1004499
1004500
1004501
1004502
1004503
1004504
1004505
1004506
1004507
1004508
1004509
1004510
1004324
1004688
1004689
1004690
1004691
1004692
1004693
1002516
1002517
1002518
1005175
1005052
1002431
1008505
1003269
1005635
12102001
1002249
1002250
1002251
12101001
1003942
1007090
1002253
1002254
1002255
1002256
1003943
1006901
1006903
1009343
1009344
1009345
1007099
1007100
1007101
1005636
1000900
1000901
1000902
1000903
1001904
1008864
1008865
1008866
1001905
1001923
1001972
1002017
1002424
1001756
1002465
1002466
157010006
157010007
157010008
1000897
1000895
1000904
1002464
1000933
1002929
1006960
6010001
6020001
21030009
21030010
21030011
21030017
21030014
21030015
21030016
21030012
21010041
21010040
21010010
21010011
21010017
21010018
21010019
21010021
21010022
21010023
21010024
21010027
21010028
1001290
1007807
1006575
1006576
1006577
21020007
5070024
1000958
1008509
1008510
1008515
1009270
1009233
1008794
1007572
1110002
1006961
1002433
1002478
1002479
1002480
1001000
1008172
1001035
1001003
1001005
1001004
1008173
1008174
1008184
1008543
1008544
1000994
1000995
1000996
1002494
1005928
1005929
1001016
1001017
1001018
1070008
1080002
1000011
1002948
1000012
1001184
1000925
1000046
1002935
1001646
1003934
1003937
1007211
1003898
1007212
1001232
1001233
1001253
1001700
1001231
1009582
1001647
1007808
1009583
1006120
1009351
1001524
1001525
1001675
1001676
1002877
1002881
1000319
1002895
1000681
1002896
1000682
1002425
1009592
1001458
1011176
1011177
1011178
1001799
1008214
105020001
105020002
105020003
105020004
105020005
105020006
105020015
105020016
105020017
105020018
105020019
105020020
105020021
105010001
105010002
105010003
105010004
105010005
105030001
105030002
105030003
105030004
105030005
1001271
1001007
1001272
1005968
1001273
1005969
1001361
1005970
1000465
1001370
1001371
1005732
1000820
1000821
1000822
1000845
1000846
1000273
1000860
1000864
1001397
1001399
1001400
1001338
1009307
1005733
1002972
1008745
1009376
1001242
1001243
1003789
1002355
1003853
1003854
1003866
1003795
1003796
1002349
1003790
1003791
1003792
1003794
1002350
1003993
1003928
1003935
1002176
1002177
1005588
1250012
138010001
1005303
1004901
1005922
1002950
1002973
1006468
1009095
1009096
1009594
1009097
1009098
1004403
1009275
1004437
1005637
1005639
1005640
1005641
1005642
1008095
1008096
1008097
1008098
1008099
1008100
1008101
1008102
1010243
1010244
1001591
1001654
1001658
1001655
1004908
1001648
1001650
1001651
1001078
200110002
200130002
1000098
1011328
1001729
1003509
1003546
1003661
1001628
1005648
1006538
1000126
1005697
1005698
1005699
1003997
1005700
1005649
1005650
1005701
1005710
1005725
1002155
1000940
1009087
1009088
1009089
1009486
1009091
1009092
1009093
1009487
1001990
1000161
1001602
1001624
1002297
1002363
1009002
1009003
1009004
1003255
1004565
1005690
1005691
1009005
1009006
1009007
1001449
1001450
1006079
1005835
1001451
1001560
1001564
1003998
1005854
1005855
1005856
1005857
1005858
1001465
1001466
1001467
1005377
1005378
1005379
1005863
1005864
1006080
1006081
1006082
1006083
1006084
1006085
1006086
1006087
1006088
1007760
1007761
1007762
1007763
1007764
1007765
1007766
1007767
1007768
126010001
126010002
126020001
126020002
1004822
1001853
1001940
1000469
1003859
1003861
1004085
1004097
1004124
1004138
1011358
1011359
1011360
1004102
1004113
1004114
1004127
1005096
1004133
1005003
1004141
1004134
1004205
1001333
1004984
1005082
1005029
1001903
1003949
1003491
1004939
1004327
1009184
1009192
1009261
1005035
1009185
1009186
1005028
1005090
1005002
1003970
1010046
1004993
1003971
1004960
1003958
1003960
1003961
1003972
1010040
1002361
1003974
1003975
1003976
1003977
1003978
1003979
1005036
1004945
1002141
1005014
1007105
1003915
1005037
1000059
1000912
1005441
1005445
1005667
1000061
1000062
1001968
1001146
1005442
1005446
1005668
1002328
1005359
1003098
1005360
1007284
1001055
1005906
1005907
1004961
1005514
1004931
1006416
1006417
1006418
1007124
1000401
1000402
1000545
1005485
1007123
1002519
1000565
1000168
1000947
1000304
1000459
1000460
1000905
1001197
1001269
1001275
1000965
1000966
1001113
1001270
1001047
1001062
1002438
1006272
1006273
1006274
1006275
1006276
1006279
1006280
1002411
1006281
1006282
1006366
1006367
1006368
1006369
1006372
1006371
1006373
1006374
1006375
1006376
1006377
1006378
1006379
1006380
1006381
1006382
1006383
1006384
1006385
1006386
1006387
1006388
1006389
1006390
1006391
1006392
1006394
1006395
1006396
1006397
1001411
1001412
1006401
1003568
1003590
1001330
1004971
1005007
1006069
1006470
1006475
1006476
1006479
1006480
1004999
1002264
1005000
1006168
1006046
1006051
1009930
1004725
1009102
1004896
1003711
1002408
1004897
1003712
1002248
1004898
1006277
1004899
1009103
1004900
1004914
1005651
1006045
1002335
1006027
1005652
1006074
1006278
1002336
1008070
1008093
1250003
1004996
1002524
1007820
1001546
1001915
1003962
1004983
1004998
1002188
1001985
1002263
1002401
1006271
1006414
1006415
1006044
1001644
1006957
1002439
1006958
1002405
1001785
1004956
1008441
1004955
1008785
1002477
1002149
1005638
1005006
1006068
1004969
1005329
1000815
1002150
1003483
1006286
1003814
1005081
1003956
1004751
1004973
1004760
1004974
1004761
1004975
1004850
1004976
1005076
1005077
1005078
1005079
1004853
1004979
1004851
1004852
1004978
1004854
1004980
1004937
1004981
1004938
1004982
1003846
1004995
1004108
1004110
1004111
1004083
1004084
1004094
1004095
1004096
1004099
1004100
1004101
1004105
1004106
1004107
1004109
1004112
1004121
1004122
1004123
1004125
1004126
1005908
1005909
1004128
1004129
1005004
1004130
1004131
1004132
1004135
1004136
1004137
1004967
1004968
1011361
1011362
1004139
1004140
1004202
1004203
1004204
1004985
1004986
1004987
1004988
1005083
1005084
1005030
1005097
1005098
1005099
1003489
1003492
1003950
1004940
1003959
1005008
1000095
1000145
1000146
1000248
1002496
1005361
1005443
1005447
1005669
1005362
1005444
1005448
1005670
1007285
1001846
1000305
1001198
1001207
1001240
1001267
1001302
1001331
1001274
1001456
1001063
1001064
1000063
1005468
1005323
1005469
1000918
1005470
1005324
1005471
1002945
1003030
1005921
1001097
1002687
1003065
1009408
1009409
1003317
1003023
1003725
1001374
1003419
1004315
1004316
1004348
1004350
1004813
1002186
1002237
1003423
1003963
1004989
1000372
1000554
1003422
1003385
1005334
1005335
1003064
1010039
1003331
1003332
1001294
1003508
1001514
1001515
1001516
1001517
1001518
1001455
1003276
1003277
1009171
1009172
1002025
1005920
157010004
1000306
1000185
157010003
157010002
157010005
1006159
1006160
1002265
1003044
1011027
1011028
1006292
1006471
1011363
1011179
1011180
1005325
1005326
1005327
1005328
1003336
1003337
1005001
1008079
1004723
1002055
1002302
1000542
1000683
13710
1009377
1009505
1009506
1009571
1009572
1004393
1000191
1004008
1004017
108010005
1000036
1000037
1000038
1000039
1000040
1000041
1000042
1000410
1002680
1001483
1001484
15010001
15010002
1001632
1004966
15020002
1003309
15020005
1009467
15020011
1009507
15020006
1008748
1008749
1008750
1001470
1003048
1002081
1003063
1003081
1003124
1003125
1003034
1003069
1003296
1003172
1003297
1003127
1003053
1003071
1002080
1003066
1002903
1003031
1006267
1002902
1000124
1009910
1001143
1001638
1009911
1001639
1003123
1001098
1003067
1002688
1003068
1003222
1003004
1003026
1003033
1003072
1002901
1003035
1009912
1003082
1005080
1002501
1003083
1003012
1003011
1003013
1003188
1002502
1003084
1003107
1003073
1001090
1003338
1001643
1001687
1001689
1001691
1001693
1002944
1003029
1009913
1005976
1001690
1004009
1004023
1004351
1001743
1009588
1001744
1001745
1001478
1002151
1001479
1001746
1001747
1001748
1002152
1002160
1001511
1002119
1002204
1001749
135010004
1004054
1003280
1010050
1006076
1003547
1006182
1003279
1010051
1006181
1006075
1002313
1008608
1000084
1008512
1003564
1004074
1004075
1004076
1003412
1003413
1003715
1003709
1003710
1003415
1003416
1003591
1003592
1003553
1003776
1003777
1003778
1003779
1003708
1003781
1003964
1005038
1001032
1006959
1003987
1005057
1004000
1004001
1004002
1004003
1007629
1007630
1007637
1007638
1007639
1007640
1003001
1003438
1003481
1003482
1003504
1003503
1003274
1003502
1003516
1003706
1003604
1003666
1003667
1003753
1004743
1004848
1003938
1003805
1003812
1003813
1003815
1004030
1009166
1004162
1003268
1004254
1003886
1002142
1010047
1002169
1003940
1001736
1003917
1001835
1001875
1003225
1003388
1005059
1003780
1003811
1009824
1010041
1010042
1003986
1004952
1004024
1003991
1003281
1009589
1009531
1010052
1006077
1006183
1010108
1000066
1001612
1006485
1001614
1006486
1001615
1008522
1006487
1001616
1006488
1002276
1006490
1006322
1006474
1004567
1006492
1004568
1006493
1004566
1004741
1006494
1006495
1003595
1003596
1003628
1003636
1003719
1003721
1003599
1003638
1003598
1003637
1003597
1003722
1003629
1003720
1003954
1006161
1003923
1003924
1003925
1003757
1003758
1003759
1003485
1003600
1003601
1003602
1003571
1003745
1003746
1003747
1004941
1002926
1004012
1002932
1003817
1004750
1003480
1004032
1004031
1003484
1004056
1005058
1003505
1004942
1003507
1003518
1003510
1003519
1003738
1003635
1003741
1004239
1003787
1004240
1000187
1004146
1003883
1003884
1003430
1003565
1003506
1003994
1004004
1000911
1004053
1003514
1003520
1003528
1003529
1004948
1003521
1003522
1003804
1003740
1004815
1003807
1003808
1003809
1003816
1000857
1005031
1009825
1003513
1003980
1003541
1004010
1002016
1003724
1003540
1004034
1003579
1004063
1005711
1005726
1004092
1005740
1005712
1005727
1004093
1005741
1003583
1003594
1003267
1005032
1004079
1004080
1003605
1003707
1003718
1003782
1003783
1003784
1003785
1004163
1004256
1003695
1003723
1003578
1004072
1004073
1005868
1008449
1002353
1003797
1009382
137070001
137070002
137070003
1003832
1008213
1008332
1008426
137090002
137090003
137090004
1004158
1001210
135110005
1000173
1000096
1000097
1005085
1003885
1003890
1000540
1000543
1002118
1007641
1002168
1003916
1002164
1002167
1002165
1002116
1004836
1000946
1004893
1004894
1004837
1004838
1004839
1004863
1004864
1004865
1004866
1004918
1004919
1004920
1004921
1003642
1003662
1003663
1004947
1003418
1002414
1002415
1002634
1002417
1002419
1002420
1003868
1004990
1002288
1003476
1003645
1003425
113040001
1000227
1000228
1000229
1000226
1002413
1002416
1000360
1002635
1002636
1002458
1002927
1003799
1004991
1003875
1003876
1002178
1002940
1002179
1002180
1002181
1002941
1002942
1002943
1002183
1002184
1002240
1002241
1002244
1002242
1002245
1002257
1002258
1002280
1002281
1010194
1001258
1001393
1002283
1002284
1002286
1002282
1002329
1003426
1003474
1003643
1002287
1003427
1002303
1002330
1003475
1003644
1002289
1002412
1002418
1000129
1002938
1002939
1009159
1009498
1006119
1010187
1009497
1002966
1002967
1002968
1003840
1003841
1002969
1002970
1002443
1002444
1002445
1002450
1002451
1002459
1002928
1002949
1002467
1002468
1002670
1003330
1003445
1003584
1004593
1004717
1004594
1004656
1004657
1004718
1004768
1004658
1003829
1004220
1004843
1004809
1003446
1004659
1003830
1004818
1004844
1004810
1002874
1002875
1002876
1003021
1000189
1004364
1003726
1009410
1003022
1003727
1009411
1001375
1002145
1001527
1000879
1001365
1000878
1001366
1003039
1003646
1003037
1003767
1003038
1003040
1003647
1003768
1003042
1003041
1003648
1003769
1003043
1000125
116230006
1003304
1003554
1003555
1000423
1003879
1001049
1003306
1010188
1010189
1003308
1000018
1000019
1003798
1004992
1003867
1004452
1001247
1002267
1001326
1002143
1001295
1000473
136020001
139010001
139010002
139010003
139010004
139020001
139020003
139020004
139020005
1007103
1002260
1002292
1001103
1004771
1004340
1002346
1002290
1006531
1002291
1006532
1003221
1004339
1004769
1004770
1002243
1002246
1002259
1001100
1001101
1001102
1002341
1002342
1002343
1002344
1002345
1002159
1000825
1004064
1002161
1000827
1009353
1004065
1000873
1001204
1003754
1003755
1003764
1003765
1003766
1000861
1002127
1002128
1002129
1002130
1002131
1002132
1002133
1002134
1002135
1002136
1002137
1002138
1002139
1002047
1002048
1002049
1002050
1002054
1002301
1002238
1002191
1002192
1002193
1002201
1002209
1002210
1002211
1002212
1002058
1002059
1002060
1002126
1004068
1009433
1004069
1009434
1004070
1009435
1004429
1004430
1004341
1000727
1002171
1009413
1002172
1002173
1002315
1001061
1002446
1002482
1001790
1002984
1003074
1001677
1000223
1000315
1002174
1002316
1001491
1006005
1002317
1000728
1002460
1002483
1001886
1002985
1003075
1002997
1009277
1002986
1003076
1002998
1009278
1000365
1002319
1002175
1002318
1009452
1002878
1006007
1006010
1000729
1002410
1002461
1002484
1002426
1002987
1003077
1002988
1003078
1002989
1003079
1002990
1003080
1002999
1002441
1000231
1001849
1001858
1001884
1009132
1009296
1009133
1009295
1009135
1009198
1009294
1009136
1009194
1009195
1009196
1009849
1009157
1009158
1009191
1009193
1009833
1009412
1009174
1009175
1008185
1009414
1009851
1009199
1009200
1009201
1009134
1009173
1009137
1009138
1009139
1009140
1009141
1009142
1009143
1009144
1009145
1009146
1009156
1009197
1009293
1009292
1009850
1008435
1008436
1008437
1008204
1008203
1008298
1008299
1008300
1009165
1009155
1008198
1008199
1008200
1008201
1008202
1008186
1008308
1008334
1008335
1008336
1008337
1008205
1008206
1008207
1008210
1008211
1009147
1009148
1009202
1001598
1009255
1009256
1006948
1007821
1001372
1007608
1009254
1002474
1000491
1009058
1005971
1001768
1009120
1003749
1003952
1004878
1001019
1000814
1003847
1000890
1003849
1001618
1003587
1003523
1003716
1003951
1003631
1001068
1006073
1006283
1006284
1003606
1004154
1008055
1001808
1003320
136010001
136010004
136040002
1006536
1000552
1001020
1004011
1003561
1004155
136010015
1008762
136010003
136010002
1008056
1000104
1003607
1001619
136050001
136050002
136050003
1000120
1001471
1010054
1003770
1004098
136010011
136010012
136010005
136010014
1000539
136010006
136010013
1003495
1003573
1003574
133110001
133010003
133010005
1000053
1010312
133010010
1000017
1002854
1005737
1006052
133120001
133020003
133020004
133020005
133020009
1002855
1000048
1006053
1003496
1004013
1009167
1009169
1000160
21030106
1001775
134010005
1003318
1008999
134040001
1000364
134040003
1003319
1001937
1006054
1009000
1005241
1007974
1001699
1001800
1000180
1004014
1009168
1009170
1000318
21030105
21030108
1000130
1005025
1006063
1002023
1000893
1003739
1001688
1000894
1003786
1001692
1003557
1003558
1003559
1003543
1003544
1003771
1003772
1003773
1003634
1003881
1003307
1004082
1003714
1003569
1003842
1003632
1003633
1004774
1004776
1004777
1004775
1009436
1004779
1004781
1004782
1006869
1001448
1001452
1002308
1002309
1002310
1002312
1002452
1002476
1002492
1002520
1002521
1003223
1008168
1008169
1008170
1008180
1003615
1005128
1005129
1005130
1005131
1005132
1006871
1005133
1005134
1005135
1005136
1005137
1005138
1006872
1005139
1005140
1005141
1005142
1005143
1005144
1006873
1005145
1005146
1005147
1005148
1005149
1005150
1006874
1005151
1005152
1005153
1009218
1009219
1009220
1007975
1009221
1009222
1009223
1009224
1009225
1009226
1007976
1009227
1009228
1009229
1009230
1009231
1009232
136190001
1000321
136150001
1004015
1004016
1000169
136160001
1003486
1003024
1003729
1002277
1002298
1004147
1009324
1001620
1004005
1003670
1000811
1002382
1004747
1003989
1001629
1003856
1003857
1003763
1003025
1006287
1003730
1003439
1009325
1001621
1003570
1004778
1004150
1003762
1003761
1003843
1004006
1003990
1003671
1004148
1002383
1002387
1004748
1001914
1004780
1000880
1002449
1009914
1002239
1003487
1004811
1008057
1003447
1004595
1004719
1003585
1004596
1004660
1004661
1004720
1004772
1004662
1004819
1004845
1000913
1003448
1004597
1004721
1003586
1004598
1004663
1004664
1004665
1004722
1004773
1004820
1004846
1004812
1008058
1002386
1009915
1002650
1003488
1001843
1001678
1002198
1001391
1003728
1002856
1003132
1002857
1003003
1003027
1000836
1002630
